,Unnamed: 0,iteration num,generation,avg fitness,best fitness,best genome,solved,num solutions,diversity,n,p_m,p_c,trn_size
18152,0,625,27.0,0.999998461408542,1.0,[1 1 1 1 1 1 1 1 1 1 1 1 1 1 1 1 1 1 1 1 1 1 1 1 1 1 1 1 1 1 1 1 1 1 1 1 1 1 1 1],yes,1.0,1.1225856834053938,25,0.01,0.5,5
127453,0,4394,27.0,0.9910928116560558,1.0,[1 1 1 1 1 1 1 1 1 1 1 1 1 1 1 1 1 1 1 1 1 1 1 1 1 1 1 1 1 1 1 1 1 1 1 1 1 1 1 1],yes,1.0,1.162289476882871,100,0.01,0.3,5
127452,0,4394,26.0,0.9756607930502388,1.0,[1 1 1 1 1 1 1 1 1 1 1 1 1 1 1 1 1 1 1 1 1 1 1 1 1 1 1 1 1 1 1 1 1 1 1 1 1 1 1 1],yes,1.0,1.19011561952317,100,0.01,0.3,5
127451,0,4394,25.0,0.971810441559014,1.0,[1 1 1 1 1 1 1 1 1 1 1 1 1 1 1 1 1 1 1 1 1 1 1 1 1 1 1 1 1 1 1 1 1 1 1 1 1 1 1 1],yes,1.0,1.480679721976241,100,0.01,0.3,5
126609,0,4365,24.0,0.9647415566535557,1.0,[1 1 1 1 1 1 1 1 1 1 1 1 1 1 1 1 1 1 1 1 1 1 1 1 1 1 1 1 1 1 1 1 1 1 1 1 1 1 1 1],yes,1.0,1.3986260928073266,100,0.01,0.3,4
125192,0,4316,28.0,0.9477500776269184,1.0,[1 1 1 1 1 1 1 1 1 1 1 1 1 1 1 1 1 1 1 1 1 1 1 1 1 1 1 1 1 1 1 1 1 1 1 1 1 1 1 1],yes,1.0,1.2144713784393453,100,0.01,0.1,5
124859,0,4305,14.0,0.94345733213975,1.0,[1 1 1 1 1 1 1 1 1 1 1 1 1 1 1 1 1 1 1 1 1 1 1 1 1 1 1 1 1 1 1 1 1 1 1 1 1 1 1 1],yes,1.0,1.4060313061862144,100,0.01,0.1,5
102013,0,3517,20.0,0.9505868497408102,1.0,[1 1 1 1 1 1 1 1 1 1 1 1 1 1 1 1 1 1 1 1 1 1 1 1 1 1 1 1 1 1 1 1 1 1 1 1 1 1 1 1],yes,1.0,2.161090384551457,75,0.03,0.5,5
101757,0,3508,25.0,0.8856721000019118,1.0,[1 1 1 1 1 1 1 1 1 1 1 1 1 1 1 1 1 1 1 1 1 1 1 1 1 1 1 1 1 1 1 1 1 1 1 1 1 1 1 1],yes,1.0,2.187412996926443,75,0.03,0.5,5
127454,0,4394,28.0,0.9648655733553632,1.0,[1 1 1 1 1 1 1 1 1 1 1 1 1 1 1 1 1 1 1 1 1 1 1 1 1 1 1 1 1 1 1 1 1 1 1 1 1 1 1 1],yes,1.0,1.3956101693142569,100,0.01,0.3,5
101755,0,3508,23.0,0.9308536180677048,1.0,[1 1 1 1 1 1 1 1 1 1 1 1 1 1 1 1 1 1 1 1 1 1 1 1 1 1 1 1 1 1 1 1 1 1 1 1 1 1 1 1],yes,1.0,2.00700997728745,75,0.03,0.5,5
101672,0,3505,27.0,0.9121894456251126,1.0,[1 1 1 1 1 1 1 1 1 1 1 1 1 1 1 1 1 1 1 1 1 1 1 1 1 1 1 1 1 1 1 1 1 1 1 1 1 1 1 1],yes,1.0,2.2051140232145388,75,0.03,0.5,5
101551,0,3501,22.0,0.9073015291525568,1.0,[1 1 1 1 1 1 1 1 1 1 1 1 1 1 1 1 1 1 1 1 1 1 1 1 1 1 1 1 1 1 1 1 1 1 1 1 1 1 1 1],yes,1.0,2.401621764273971,75,0.03,0.5,5
101322,0,3493,25.0,0.8788069182871779,1.0,[1 1 1 1 1 1 1 1 1 1 1 1 1 1 1 1 1 1 1 1 1 1 1 1 1 1 1 1 1 1 1 1 1 1 1 1 1 1 1 1],yes,1.0,2.3250429410023585,75,0.03,0.5,4
99527,0,3431,28.0,0.9094772562242132,1.0,[1 1 1 1 1 1 1 1 1 1 1 1 1 1 1 1 1 1 1 1 1 1 1 1 1 1 1 1 1 1 1 1 1 1 1 1 1 1 1 1],yes,1.0,2.055617707062728,75,0.03,0.3,5
99526,0,3431,27.0,0.8613175328119301,1.0,[1 1 1 1 1 1 1 1 1 1 1 1 1 1 1 1 1 1 1 1 1 1 1 1 1 1 1 1 1 1 1 1 1 1 1 1 1 1 1 1],yes,1.0,2.093435337572048,75,0.03,0.3,5
99410,0,3427,27.0,0.9069604724322108,1.0,[1 1 1 1 1 1 1 1 1 1 1 1 1 1 1 1 1 1 1 1 1 1 1 1 1 1 1 1 1 1 1 1 1 1 1 1 1 1 1 1],yes,1.0,2.0904983235079126,75,0.03,0.3,5
99409,0,3427,26.0,0.8778673556879196,1.0,[1 1 1 1 1 1 1 1 1 1 1 1 1 1 1 1 1 1 1 1 1 1 1 1 1 1 1 1 1 1 1 1 1 1 1 1 1 1 1 1],yes,1.0,2.141889220845528,75,0.03,0.3,5
99237,0,3421,28.0,0.9569768954078752,1.0,[1 1 1 1 1 1 1 1 1 1 1 1 1 1 1 1 1 1 1 1 1 1 1 1 1 1 1 1 1 1 1 1 1 1 1 1 1 1 1 1],yes,1.0,1.997646533343572,75,0.03,0.3,5
101754,0,3508,22.0,0.9326419614955208,1.0,[1 1 1 1 1 1 1 1 1 1 1 1 1 1 1 1 1 1 1 1 1 1 1 1 1 1 1 1 1 1 1 1 1 1 1 1 1 1 1 1],yes,1.0,2.0545858740711447,75,0.03,0.5,5
97003,0,3344,27.0,0.9216900608146714,1.0,[1 1 1 1 1 1 1 1 1 1 1 1 1 1 1 1 1 1 1 1 1 1 1 1 1 1 1 1 1 1 1 1 1 1 1 1 1 1 1 1],yes,1.0,1.8741886052118684,75,0.03,0.1,5
128439,0,4428,27.0,0.8905409157723276,1.0,[1 1 1 1 1 1 1 1 1 1 1 1 1 1 1 1 1 1 1 1 1 1 1 1 1 1 1 1 1 1 1 1 1 1 1 1 1 1 1 1],yes,1.0,1.9257466179348872,100,0.01,0.5,3
129481,0,4464,25.0,0.9571880302251344,1.0,[1 1 1 1 1 1 1 1 1 1 1 1 1 1 1 1 1 1 1 1 1 1 1 1 1 1 1 1 1 1 1 1 1 1 1 1 1 1 1 1],yes,1.0,1.4128196079646702,100,0.01,0.5,5
139140,0,4797,27.0,0.9242432430405328,1.0,[1 1 1 1 1 1 1 1 1 1 1 1 1 1 1 1 1 1 1 1 1 1 1 1 1 1 1 1 1 1 1 1 1 1 1 1 1 1 1 1],yes,1.0,2.088953356180285,100,0.03,0.5,5
139137,0,4797,24.0,0.8710522682888902,1.0,[1 1 1 1 1 1 1 1 1 1 1 1 1 1 1 1 1 1 1 1 1 1 1 1 1 1 1 1 1 1 1 1 1 1 1 1 1 1 1 1],yes,1.0,2.0180041885884368,100,0.03,0.5,5
139136,0,4797,23.0,0.8998443935830146,1.0,[1 1 1 1 1 1 1 1 1 1 1 1 1 1 1 1 1 1 1 1 1 1 1 1 1 1 1 1 1 1 1 1 1 1 1 1 1 1 1 1],yes,1.0,2.06734175739307,100,0.03,0.5,5
139024,0,4793,27.0,0.9092194959832384,1.0,[1 1 1 1 1 1 1 1 1 1 1 1 1 1 1 1 1 1 1 1 1 1 1 1 1 1 1 1 1 1 1 1 1 1 1 1 1 1 1 1],yes,1.0,2.295362778202088,100,0.03,0.5,5
138588,0,4778,26.0,0.8120688330705044,1.0,[1 1 1 1 1 1 1 1 1 1 1 1 1 1 1 1 1 1 1 1 1 1 1 1 1 1 1 1 1 1 1 1 1 1 1 1 1 1 1 1],yes,1.0,2.3173752263064507,100,0.03,0.5,4
131687,0,4540,27.0,0.9399816651700116,1.0,[1 1 1 1 1 1 1 1 1 1 1 1 1 1 1 1 1 1 1 1 1 1 1 1 1 1 1 1 1 1 1 1 1 1 1 1 1 1 1 1],yes,1.0,1.8879217275830795,100,0.03,0.0,5
131686,0,4540,26.0,0.8513592135488605,1.0,[1 1 1 1 1 1 1 1 1 1 1 1 1 1 1 1 1 1 1 1 1 1 1 1 1 1 1 1 1 1 1 1 1 1 1 1 1 1 1 1],yes,1.0,1.8860217460149693,100,0.03,0.0,5
131685,0,4540,25.0,0.8959532393357099,1.0,[1 1 1 1 1 1 1 1 1 1 1 1 1 1 1 1 1 1 1 1 1 1 1 1 1 1 1 1 1 1 1 1 1 1 1 1 1 1 1 1],yes,1.0,1.9339571260735944,100,0.03,0.0,5
129479,0,4464,23.0,0.9903520591303856,1.0,[1 1 1 1 1 1 1 1 1 1 1 1 1 1 1 1 1 1 1 1 1 1 1 1 1 1 1 1 1 1 1 1 1 1 1 1 1 1 1 1],yes,1.0,1.3769212002206537,100,0.01,0.5,5
129919,0,4479,28.0,0.9812387342261638,1.0,[1 1 1 1 1 1 1 1 1 1 1 1 1 1 1 1 1 1 1 1 1 1 1 1 1 1 1 1 1 1 1 1 1 1 1 1 1 1 1 1],yes,1.0,1.250551092777933,100,0.03,0.0,2
129656,0,4470,26.0,0.9638407504335256,1.0,[1 1 1 1 1 1 1 1 1 1 1 1 1 1 1 1 1 1 1 1 1 1 1 1 1 1 1 1 1 1 1 1 1 1 1 1 1 1 1 1],yes,1.0,1.6435127495535755,100,0.01,0.5,5
129655,0,4470,25.0,0.9525165233248702,1.0,[1 1 1 1 1 1 1 1 1 1 1 1 1 1 1 1 1 1 1 1 1 1 1 1 1 1 1 1 1 1 1 1 1 1 1 1 1 1 1 1],yes,1.0,1.6835844648844178,100,0.01,0.5,5
129650,0,4470,20.0,0.9776847187431172,1.0,[1 1 1 1 1 1 1 1 1 1 1 1 1 1 1 1 1 1 1 1 1 1 1 1 1 1 1 1 1 1 1 1 1 1 1 1 1 1 1 1],yes,1.0,1.7039663888908188,100,0.01,0.5,5
129542,0,4466,28.0,0.941352692765723,1.0,[1 1 1 1 1 1 1 1 1 1 1 1 1 1 1 1 1 1 1 1 1 1 1 1 1 1 1 1 1 1 1 1 1 1 1 1 1 1 1 1],yes,1.0,1.4156167263670527,100,0.01,0.5,5
129541,0,4466,27.0,0.9511421858528106,1.0,[1 1 1 1 1 1 1 1 1 1 1 1 1 1 1 1 1 1 1 1 1 1 1 1 1 1 1 1 1 1 1 1 1 1 1 1 1 1 1 1],yes,1.0,1.47929239294536,100,0.01,0.5,5
129540,0,4466,26.0,0.970272848358724,1.0,[1 1 1 1 1 1 1 1 1 1 1 1 1 1 1 1 1 1 1 1 1 1 1 1 1 1 1 1 1 1 1 1 1 1 1 1 1 1 1 1],yes,1.0,1.3349709327783323,100,0.01,0.5,5
129539,0,4466,25.0,0.9590199670261756,1.0,[1 1 1 1 1 1 1 1 1 1 1 1 1 1 1 1 1 1 1 1 1 1 1 1 1 1 1 1 1 1 1 1 1 1 1 1 1 1 1 1],yes,1.0,1.3193296081758743,100,0.01,0.5,5
129483,0,4464,27.0,0.9321520729058888,1.0,[1 1 1 1 1 1 1 1 1 1 1 1 1 1 1 1 1 1 1 1 1 1 1 1 1 1 1 1 1 1 1 1 1 1 1 1 1 1 1 1],yes,1.0,1.5109780787590663,100,0.01,0.5,5
129658,0,4470,28.0,0.9814891201511536,1.0,[1 1 1 1 1 1 1 1 1 1 1 1 1 1 1 1 1 1 1 1 1 1 1 1 1 1 1 1 1 1 1 1 1 1 1 1 1 1 1 1],yes,1.0,1.6074584283842084,100,0.01,0.5,5
96535,0,3328,23.0,0.8545563311702661,1.0,[1 1 1 1 1 1 1 1 1 1 1 1 1 1 1 1 1 1 1 1 1 1 1 1 1 1 1 1 1 1 1 1 1 1 1 1 1 1 1 1],yes,1.0,1.9593499954103644,75,0.03,0.1,4
102015,0,3517,22.0,0.8929381730385313,1.0,[1 1 1 1 1 1 1 1 1 1 1 1 1 1 1 1 1 1 1 1 1 1 1 1 1 1 1 1 1 1 1 1 1 1 1 1 1 1 1 1],yes,1.0,2.1199154116072227,75,0.03,0.5,5
92711,0,3196,27.0,0.9355101416345244,1.0,[1 1 1 1 1 1 1 1 1 1 1 1 1 1 1 1 1 1 1 1 1 1 1 1 1 1 1 1 1 1 1 1 1 1 1 1 1 1 1 1],yes,1.0,0.821222067193101,75,0.01,0.5,5
84969,0,2929,28.0,0.943162693747993,1.0,[1 1 1 1 1 1 1 1 1 1 1 1 1 1 1 1 1 1 1 1 1 1 1 1 1 1 1 1 1 1 1 1 1 1 1 1 1 1 1 1],yes,1.0,0.8669067235673146,75,0.01,0.0,4
84968,0,2929,27.0,0.947646174761942,1.0,[1 1 1 1 1 1 1 1 1 1 1 1 1 1 1 1 1 1 1 1 1 1 1 1 1 1 1 1 1 1 1 1 1 1 1 1 1 1 1 1],yes,1.0,0.9965262889927772,75,0.01,0.0,4
84967,0,2929,26.0,0.9782501407733072,1.0,[1 1 1 1 1 1 1 1 1 1 1 1 1 1 1 1 1 1 1 1 1 1 1 1 1 1 1 1 1 1 1 1 1 1 1 1 1 1 1 1],yes,1.0,0.8051851580268152,75,0.01,0.0,4
84964,0,2929,23.0,0.964865622885142,1.0,[1 1 1 1 1 1 1 1 1 1 1 1 1 1 1 1 1 1 1 1 1 1 1 1 1 1 1 1 1 1 1 1 1 1 1 1 1 1 1 1],yes,1.0,1.4359115257336916,75,0.01,0.0,4
84963,0,2929,22.0,0.9561496043868732,1.0,[1 1 1 1 1 1 1 1 1 1 1 1 1 1 1 1 1 1 1 1 1 1 1 1 1 1 1 1 1 1 1 1 1 1 1 1 1 1 1 1],yes,1.0,1.3474932712618155,75,0.01,0.0,4
62522,0,2155,27.0,0.8610285038111047,1.0,[1 1 1 1 1 1 1 1 1 1 1 1 1 1 1 1 1 1 1 1 1 1 1 1 1 1 1 1 1 1 1 1 1 1 1 1 1 1 1 1],yes,1.0,2.3354974682147964,50,0.03,0.3,5
62520,0,2155,25.0,0.8499390616175126,1.0,[1 1 1 1 1 1 1 1 1 1 1 1 1 1 1 1 1 1 1 1 1 1 1 1 1 1 1 1 1 1 1 1 1 1 1 1 1 1 1 1],yes,1.0,2.085793774999615,50,0.03,0.3,5
59331,0,2045,26.0,0.8565916862118489,1.0,[1 1 1 1 1 1 1 1 1 1 1 1 1 1 1 1 1 1 1 1 1 1 1 1 1 1 1 1 1 1 1 1 1 1 1 1 1 1 1 1],yes,1.0,2.419271244478688,50,0.03,0.1,4
57879,0,1995,24.0,0.8810515616892843,1.0,[1 1 1 1 1 1 1 1 1 1 1 1 1 1 1 1 1 1 1 1 1 1 1 1 1 1 1 1 1 1 1 1 1 1 1 1 1 1 1 1],yes,1.0,1.6114765278484129,50,0.03,0.0,5
57878,0,1995,23.0,0.8855403748177886,1.0,[1 1 1 1 1 1 1 1 1 1 1 1 1 1 1 1 1 1 1 1 1 1 1 1 1 1 1 1 1 1 1 1 1 1 1 1 1 1 1 1],yes,1.0,1.7831748846656934,50,0.03,0.0,5
57592,0,1985,27.0,0.910163256764592,1.0,[1 1 1 1 1 1 1 1 1 1 1 1 1 1 1 1 1 1 1 1 1 1 1 1 1 1 1 1 1 1 1 1 1 1 1 1 1 1 1 1],yes,1.0,2.1053540622322533,50,0.03,0.0,5
55648,0,1918,26.0,0.9926936445794744,1.0,[1 1 1 1 1 1 1 1 1 1 1 1 1 1 1 1 1 1 1 1 1 1 1 1 1 1 1 1 1 1 1 1 1 1 1 1 1 1 1 1],yes,1.0,1.0073759414526662,50,0.01,0.5,5
50921,0,1755,26.0,0.9722654069046192,1.0,[1 1 1 1 1 1 1 1 1 1 1 1 1 1 1 1 1 1 1 1 1 1 1 1 1 1 1 1 1 1 1 1 1 1 1 1 1 1 1 1],yes,1.0,1.3960973632868396,50,0.01,0.1,5
34640,0,1194,14.0,0.7775569354827897,1.0,[1 1 1 1 1 1 1 1 1 1 1 1 1 1 1 1 1 1 1 1 1 1 1 1 1 1 1 1 1 1 1 1 1 1 1 1 1 1 1 1],yes,1.0,2.6365673030789893,25,0.05,0.3,5
18153,0,625,28.0,0.98075567057641,1.0,[1 1 1 1 1 1 1 1 1 1 1 1 1 1 1 1 1 1 1 1 1 1 1 1 1 1 1 1 1 1 1 1 1 1 1 1 1 1 1 1],yes,1.0,1.263178399382488,25,0.01,0.5,5
86446,0,2980,26.0,0.9671255260720888,1.0,[1 1 1 1 1 1 1 1 1 1 1 1 1 1 1 1 1 1 1 1 1 1 1 1 1 1 1 1 1 1 1 1 1 1 1 1 1 1 1 1],yes,1.0,1.790897385394365,75,0.01,0.1,3
91285,0,3147,22.0,0.9521675306913095,1.0,[1 1 1 1 1 1 1 1 1 1 1 1 1 1 1 1 1 1 1 1 1 1 1 1 1 1 1 1 1 1 1 1 1 1 1 1 1 1 1 1],yes,1.0,1.5557101782131886,75,0.01,0.5,3
145838,0,5028,26.0,0.780778330536849,1.0,[1 1 1 1 1 1 1 1 1 1 1 1 1 1 1 1 1 1 1 1 1 1 1 1 1 1 1 1 1 1 1 1 1 1 1 1 1 1 1 1],yes,1.0,2.85920662344022,100,0.05,0.3,5
91290,0,3147,27.0,0.983125013213112,1.0,[1 1 1 1 1 1 1 1 1 1 1 1 1 1 1 1 1 1 1 1 1 1 1 1 1 1 1 1 1 1 1 1 1 1 1 1 1 1 1 1],yes,1.0,1.548648911119321,75,0.01,0.5,3
92710,0,3196,26.0,0.9319965833578224,1.0,[1 1 1 1 1 1 1 1 1 1 1 1 1 1 1 1 1 1 1 1 1 1 1 1 1 1 1 1 1 1 1 1 1 1 1 1 1 1 1 1],yes,1.0,0.9456481904710256,75,0.01,0.5,5
91581,0,3157,28.0,0.957764864420598,1.0,[1 1 1 1 1 1 1 1 1 1 1 1 1 1 1 1 1 1 1 1 1 1 1 1 1 1 1 1 1 1 1 1 1 1 1 1 1 1 1 1],yes,1.0,1.9945247111477695,75,0.01,0.5,3
92361,0,3184,25.0,0.9738984547590722,1.0,[1 1 1 1 1 1 1 1 1 1 1 1 1 1 1 1 1 1 1 1 1 1 1 1 1 1 1 1 1 1 1 1 1 1 1 1 1 1 1 1],yes,1.0,1.0693220041734868,75,0.01,0.5,5
92359,0,3184,23.0,0.9744651760307116,1.0,[1 1 1 1 1 1 1 1 1 1 1 1 1 1 1 1 1 1 1 1 1 1 1 1 1 1 1 1 1 1 1 1 1 1 1 1 1 1 1 1],yes,1.0,1.028009570841771,75,0.01,0.5,5
92421,0,3186,27.0,0.939648547198643,1.0,[1 1 1 1 1 1 1 1 1 1 1 1 1 1 1 1 1 1 1 1 1 1 1 1 1 1 1 1 1 1 1 1 1 1 1 1 1 1 1 1],yes,1.0,1.543012147174351,75,0.01,0.5,5
122320,0,4217,27.0,0.9814405679124056,1.0,[1 1 1 1 1 1 1 1 1 1 1 1 1 1 1 1 1 1 1 1 1 1 1 1 1 1 1 1 1 1 1 1 1 1 1 1 1 1 1 1],yes,2.0,1.1981852929797634,100,0.01,0.0,4
91291,0,3147,28.0,0.9845451003288572,1.0,[1 1 1 1 1 1 1 1 1 1 1 1 1 1 1 1 1 1 1 1 1 1 1 1 1 1 1 1 1 1 1 1 1 1 1 1 1 1 1 1],yes,2.0,1.5912467440896472,75,0.01,0.5,3
101756,0,3508,24.0,0.8348182247550026,1.0,[1 1 1 1 1 1 1 1 1 1 1 1 1 1 1 1 1 1 1 1 1 1 1 1 1 1 1 1 1 1 1 1 1 1 1 1 1 1 1 1],yes,2.0,2.137675541105214,75,0.03,0.5,5
129476,0,4464,20.0,0.9582910382088664,1.0,[1 1 1 1 1 1 1 1 1 1 1 1 1 1 1 1 1 1 1 1 1 1 1 1 1 1 1 1 1 1 1 1 1 1 1 1 1 1 1 1],yes,2.0,1.6485306827440582,100,0.01,0.5,5
139141,0,4797,28.0,0.8565727619031631,1.0,[1 1 1 1 1 1 1 1 1 1 1 1 1 1 1 1 1 1 1 1 1 1 1 1 1 1 1 1 1 1 1 1 1 1 1 1 1 1 1 1],yes,2.0,2.0799040093690686,100,0.03,0.5,5
129651,0,4470,21.0,0.992735305754958,1.0,[1 1 1 1 1 1 1 1 1 1 1 1 1 1 1 1 1 1 1 1 1 1 1 1 1 1 1 1 1 1 1 1 1 1 1 1 1 1 1 1],yes,2.0,1.6290672568530349,100,0.01,0.5,5
129653,0,4470,23.0,0.9421979674598604,1.0,[1 1 1 1 1 1 1 1 1 1 1 1 1 1 1 1 1 1 1 1 1 1 1 1 1 1 1 1 1 1 1 1 1 1 1 1 1 1 1 1],yes,2.0,1.6434491232043271,100,0.01,0.5,5
129482,0,4464,26.0,0.9614327420892036,1.0,[1 1 1 1 1 1 1 1 1 1 1 1 1 1 1 1 1 1 1 1 1 1 1 1 1 1 1 1 1 1 1 1 1 1 1 1 1 1 1 1],yes,2.0,1.4556195057890908,100,0.01,0.5,5
129484,0,4464,28.0,0.9719205721403472,1.0,[1 1 1 1 1 1 1 1 1 1 1 1 1 1 1 1 1 1 1 1 1 1 1 1 1 1 1 1 1 1 1 1 1 1 1 1 1 1 1 1],yes,2.0,1.4866571193611038,100,0.01,0.5,5
62521,0,2155,26.0,0.9400791803528642,1.0,[1 1 1 1 1 1 1 1 1 1 1 1 1 1 1 1 1 1 1 1 1 1 1 1 1 1 1 1 1 1 1 1 1 1 1 1 1 1 1 1],yes,2.0,2.2349115660286527,50,0.03,0.3,5
92362,0,3184,26.0,0.9808235507509658,1.0,[1 1 1 1 1 1 1 1 1 1 1 1 1 1 1 1 1 1 1 1 1 1 1 1 1 1 1 1 1 1 1 1 1 1 1 1 1 1 1 1],yes,2.0,1.1774752334365202,75,0.01,0.5,5
59332,0,2045,27.0,0.8770417916314805,1.0,[1 1 1 1 1 1 1 1 1 1 1 1 1 1 1 1 1 1 1 1 1 1 1 1 1 1 1 1 1 1 1 1 1 1 1 1 1 1 1 1],yes,2.0,2.417232317825402,50,0.03,0.1,4
129654,0,4470,24.0,0.9707645157340984,1.0,[1 1 1 1 1 1 1 1 1 1 1 1 1 1 1 1 1 1 1 1 1 1 1 1 1 1 1 1 1 1 1 1 1 1 1 1 1 1 1 1],yes,2.0,1.7225971864753271,100,0.01,0.5,5
57883,0,1995,28.0,0.8908331808984051,1.0,[1 1 1 1 1 1 1 1 1 1 1 1 1 1 1 1 1 1 1 1 1 1 1 1 1 1 1 1 1 1 1 1 1 1 1 1 1 1 1 1],yes,2.0,1.9263921340217751,50,0.03,0.0,5
129652,0,4470,22.0,0.9834519413123536,1.0,[1 1 1 1 1 1 1 1 1 1 1 1 1 1 1 1 1 1 1 1 1 1 1 1 1 1 1 1 1 1 1 1 1 1 1 1 1 1 1 1],yes,2.0,1.5210937101712632,100,0.01,0.5,5
91286,0,3147,23.0,0.9464277317877036,1.0,[1 1 1 1 1 1 1 1 1 1 1 1 1 1 1 1 1 1 1 1 1 1 1 1 1 1 1 1 1 1 1 1 1 1 1 1 1 1 1 1],yes,2.0,1.5480869307174503,75,0.01,0.5,3
91288,0,3147,25.0,0.9302216468757354,1.0,[1 1 1 1 1 1 1 1 1 1 1 1 1 1 1 1 1 1 1 1 1 1 1 1 1 1 1 1 1 1 1 1 1 1 1 1 1 1 1 1],yes,2.0,1.6565070048092003,75,0.01,0.5,3
139139,0,4797,26.0,0.8883491381553913,1.0,[1 1 1 1 1 1 1 1 1 1 1 1 1 1 1 1 1 1 1 1 1 1 1 1 1 1 1 1 1 1 1 1 1 1 1 1 1 1 1 1],yes,2.0,2.086120294167787,100,0.03,0.5,5
97004,0,3344,28.0,0.9374795596895548,1.0,[1 1 1 1 1 1 1 1 1 1 1 1 1 1 1 1 1 1 1 1 1 1 1 1 1 1 1 1 1 1 1 1 1 1 1 1 1 1 1 1],yes,2.0,2.0247344724926397,75,0.03,0.1,5
92709,0,3196,25.0,0.9763849416878576,1.0,[1 1 1 1 1 1 1 1 1 1 1 1 1 1 1 1 1 1 1 1 1 1 1 1 1 1 1 1 1 1 1 1 1 1 1 1 1 1 1 1],yes,2.0,1.4076753322331288,75,0.01,0.5,5
138880,0,4788,28.0,0.861882853843952,1.0,[1 1 1 1 1 1 1 1 1 1 1 1 1 1 1 1 1 1 1 1 1 1 1 1 1 1 1 1 1 1 1 1 1 1 1 1 1 1 1 1],yes,2.0,2.0168458347200544,100,0.03,0.5,5
99411,0,3427,28.0,0.922675181291477,1.0,[1 1 1 1 1 1 1 1 1 1 1 1 1 1 1 1 1 1 1 1 1 1 1 1 1 1 1 1 1 1 1 1 1 1 1 1 1 1 1 1],yes,2.0,2.125446544184707,75,0.03,0.3,5
50922,0,1755,27.0,0.9751298001453228,1.0,[1 1 1 1 1 1 1 1 1 1 1 1 1 1 1 1 1 1 1 1 1 1 1 1 1 1 1 1 1 1 1 1 1 1 1 1 1 1 1 1],yes,2.0,1.5662099487757846,50,0.01,0.1,5
57881,0,1995,26.0,0.9187287613454962,1.0,[1 1 1 1 1 1 1 1 1 1 1 1 1 1 1 1 1 1 1 1 1 1 1 1 1 1 1 1 1 1 1 1 1 1 1 1 1 1 1 1],yes,2.0,1.923730034378558,50,0.03,0.0,5
129657,0,4470,27.0,0.9746276727930392,1.0,[1 1 1 1 1 1 1 1 1 1 1 1 1 1 1 1 1 1 1 1 1 1 1 1 1 1 1 1 1 1 1 1 1 1 1 1 1 1 1 1],yes,2.0,1.7121828149429097,100,0.01,0.5,5
57882,0,1995,27.0,0.9129288592004954,1.0,[1 1 1 1 1 1 1 1 1 1 1 1 1 1 1 1 1 1 1 1 1 1 1 1 1 1 1 1 1 1 1 1 1 1 1 1 1 1 1 1],yes,2.0,2.0164465467851405,50,0.03,0.0,5
91287,0,3147,24.0,0.9682471835038238,1.0,[1 1 1 1 1 1 1 1 1 1 1 1 1 1 1 1 1 1 1 1 1 1 1 1 1 1 1 1 1 1 1 1 1 1 1 1 1 1 1 1],yes,2.0,1.631974118772195,75,0.01,0.5,3
92422,0,3186,28.0,0.9331762179430296,1.0,[1 1 1 1 1 1 1 1 1 1 1 1 1 1 1 1 1 1 1 1 1 1 1 1 1 1 1 1 1 1 1 1 1 1 1 1 1 1 1 1],yes,3.0,1.4823690657713555,75,0.01,0.5,5
126610,0,4365,25.0,0.9623152206346228,1.0,[1 1 1 1 1 1 1 1 1 1 1 1 1 1 1 1 1 1 1 1 1 1 1 1 1 1 1 1 1 1 1 1 1 1 1 1 1 1 1 1],yes,3.0,1.4068297451897265,100,0.01,0.3,4
92360,0,3184,24.0,0.9790475108597608,1.0,[1 1 1 1 1 1 1 1 1 1 1 1 1 1 1 1 1 1 1 1 1 1 1 1 1 1 1 1 1 1 1 1 1 1 1 1 1 1 1 1],yes,3.0,1.067553897871887,75,0.01,0.5,5
124860,0,4305,15.0,0.9485012722422552,1.0,[1 1 1 1 1 1 1 1 1 1 1 1 1 1 1 1 1 1 1 1 1 1 1 1 1 1 1 1 1 1 1 1 1 1 1 1 1 1 1 1],yes,3.0,1.4466952718197037,100,0.01,0.1,5
126613,0,4365,28.0,0.9348418189924216,1.0,[1 1 1 1 1 1 1 1 1 1 1 1 1 1 1 1 1 1 1 1 1 1 1 1 1 1 1 1 1 1 1 1 1 1 1 1 1 1 1 1],yes,3.0,1.070895162600737,100,0.01,0.3,4
59333,0,2045,28.0,0.8961068874294409,1.0,[1 1 1 1 1 1 1 1 1 1 1 1 1 1 1 1 1 1 1 1 1 1 1 1 1 1 1 1 1 1 1 1 1 1 1 1 1 1 1 1],yes,3.0,2.433073492434428,50,0.03,0.1,4
122321,0,4217,28.0,0.9302090618585684,1.0,[1 1 1 1 1 1 1 1 1 1 1 1 1 1 1 1 1 1 1 1 1 1 1 1 1 1 1 1 1 1 1 1 1 1 1 1 1 1 1 1],yes,3.0,1.2542111136756284,100,0.01,0.0,4
92363,0,3184,27.0,0.9951050568281838,1.0,[1 1 1 1 1 1 1 1 1 1 1 1 1 1 1 1 1 1 1 1 1 1 1 1 1 1 1 1 1 1 1 1 1 1 1 1 1 1 1 1],yes,3.0,1.167220079831141,75,0.01,0.5,5
128440,0,4428,28.0,0.9735200728871404,1.0,[1 1 1 1 1 1 1 1 1 1 1 1 1 1 1 1 1 1 1 1 1 1 1 1 1 1 1 1 1 1 1 1 1 1 1 1 1 1 1 1],yes,3.0,1.6337500121799085,100,0.01,0.5,3
92712,0,3196,28.0,0.9739935940699236,1.0,[1 1 1 1 1 1 1 1 1 1 1 1 1 1 1 1 1 1 1 1 1 1 1 1 1 1 1 1 1 1 1 1 1 1 1 1 1 1 1 1],yes,3.0,0.6451182310993254,75,0.01,0.5,5
92364,0,3184,28.0,0.979113715835902,1.0,[1 1 1 1 1 1 1 1 1 1 1 1 1 1 1 1 1 1 1 1 1 1 1 1 1 1 1 1 1 1 1 1 1 1 1 1 1 1 1 1],yes,4.0,1.1563528040976785,75,0.01,0.5,5
129478,0,4464,22.0,0.96459479471846,1.0,[1 1 1 1 1 1 1 1 1 1 1 1 1 1 1 1 1 1 1 1 1 1 1 1 1 1 1 1 1 1 1 1 1 1 1 1 1 1 1 1],yes,4.0,1.4848049315273903,100,0.01,0.5,5
101673,0,3505,28.0,0.8541764662265018,1.0,[1 1 1 1 1 1 1 1 1 1 1 1 1 1 1 1 1 1 1 1 1 1 1 1 1 1 1 1 1 1 1 1 1 1 1 1 1 1 1 1],yes,4.0,2.144140684871961,75,0.03,0.5,5
129477,0,4464,21.0,0.9788897499408528,1.0,[1 1 1 1 1 1 1 1 1 1 1 1 1 1 1 1 1 1 1 1 1 1 1 1 1 1 1 1 1 1 1 1 1 1 1 1 1 1 1 1],yes,5.0,1.5728768992002613,100,0.01,0.5,5
50923,0,1755,28.0,0.9982873109241404,1.0,[1 1 1 1 1 1 1 1 1 1 1 1 1 1 1 1 1 1 1 1 1 1 1 1 1 1 1 1 1 1 1 1 1 1 1 1 1 1 1 1],yes,5.0,1.401058861926205,50,0.01,0.1,5
124861,0,4305,16.0,0.9778345028521038,1.0,[1 1 1 1 1 1 1 1 1 1 1 1 1 1 1 1 1 1 1 1 1 1 1 1 1 1 1 1 1 1 1 1 1 1 1 1 1 1 1 1],yes,6.0,1.3706455851560213,100,0.01,0.1,5
124870,0,4305,25.0,0.9790885516530894,1.0,[1 1 1 1 1 1 1 1 1 1 1 1 1 1 1 1 1 1 1 1 1 1 1 1 1 1 1 1 1 1 1 1 1 1 1 1 1 1 1 1],yes,6.0,1.6305595416355334,100,0.01,0.1,5
124862,0,4305,17.0,0.9709580705702968,1.0,[1 1 1 1 1 1 1 1 1 1 1 1 1 1 1 1 1 1 1 1 1 1 1 1 1 1 1 1 1 1 1 1 1 1 1 1 1 1 1 1],yes,6.0,1.4620386017177396,100,0.01,0.1,5
124871,0,4305,26.0,0.956375429626292,1.0,[1 1 1 1 1 1 1 1 1 1 1 1 1 1 1 1 1 1 1 1 1 1 1 1 1 1 1 1 1 1 1 1 1 1 1 1 1 1 1 1],yes,7.0,1.5993123250082342,100,0.01,0.1,5
124868,0,4305,23.0,0.9766414453937726,1.0,[1 1 1 1 1 1 1 1 1 1 1 1 1 1 1 1 1 1 1 1 1 1 1 1 1 1 1 1 1 1 1 1 1 1 1 1 1 1 1 1],yes,7.0,1.666204634241921,100,0.01,0.1,5
124863,0,4305,18.0,0.966504633398184,1.0,[1 1 1 1 1 1 1 1 1 1 1 1 1 1 1 1 1 1 1 1 1 1 1 1 1 1 1 1 1 1 1 1 1 1 1 1 1 1 1 1],yes,7.0,1.3447527064681264,100,0.01,0.1,5
126611,0,4365,26.0,0.969197272261236,1.0,[1 1 1 1 1 1 1 1 1 1 1 1 1 1 1 1 1 1 1 1 1 1 1 1 1 1 1 1 1 1 1 1 1 1 1 1 1 1 1 1],yes,8.0,1.4645981673436497,100,0.01,0.3,4
124872,0,4305,27.0,0.9328939157914438,1.0,[1 1 1 1 1 1 1 1 1 1 1 1 1 1 1 1 1 1 1 1 1 1 1 1 1 1 1 1 1 1 1 1 1 1 1 1 1 1 1 1],yes,8.0,1.680478028045036,100,0.01,0.1,5
124869,0,4305,24.0,0.9552369731817164,1.0,[1 1 1 1 1 1 1 1 1 1 1 1 1 1 1 1 1 1 1 1 1 1 1 1 1 1 1 1 1 1 1 1 1 1 1 1 1 1 1 1],yes,8.0,1.6686981097350844,100,0.01,0.1,5
124866,0,4305,21.0,0.9860068195853314,1.0,[1 1 1 1 1 1 1 1 1 1 1 1 1 1 1 1 1 1 1 1 1 1 1 1 1 1 1 1 1 1 1 1 1 1 1 1 1 1 1 1],yes,8.0,1.5787266532546036,100,0.01,0.1,5
124867,0,4305,22.0,0.979170285679449,1.0,[1 1 1 1 1 1 1 1 1 1 1 1 1 1 1 1 1 1 1 1 1 1 1 1 1 1 1 1 1 1 1 1 1 1 1 1 1 1 1 1],yes,9.0,1.5839812490746938,100,0.01,0.1,5
124864,0,4305,19.0,0.9737608102597228,1.0,[1 1 1 1 1 1 1 1 1 1 1 1 1 1 1 1 1 1 1 1 1 1 1 1 1 1 1 1 1 1 1 1 1 1 1 1 1 1 1 1],yes,9.0,1.351241283079384,100,0.01,0.1,5
126612,0,4365,27.0,0.9778280346251212,1.0,[1 1 1 1 1 1 1 1 1 1 1 1 1 1 1 1 1 1 1 1 1 1 1 1 1 1 1 1 1 1 1 1 1 1 1 1 1 1 1 1],yes,10.0,1.2961724367521932,100,0.01,0.3,4
124873,0,4305,28.0,0.9639628038915384,1.0,[1 1 1 1 1 1 1 1 1 1 1 1 1 1 1 1 1 1 1 1 1 1 1 1 1 1 1 1 1 1 1 1 1 1 1 1 1 1 1 1],yes,14.0,1.6554608567424691,100,0.01,0.1,5
124865,0,4305,20.0,0.9567637478070056,1.0,[1 1 1 1 1 1 1 1 1 1 1 1 1 1 1 1 1 1 1 1 1 1 1 1 1 1 1 1 1 1 1 1 1 1 1 1 1 1 1 1],yes,15.0,1.5646483200056482,100,0.01,0.1,5
