iteration,n,p_m,p_c,trn_size0,25,0,0,2
1,25,0,0,2
2,25,0,0,2
3,25,0,0,2
4,25,0,0,2
5,25,0,0,2
6,25,0,0,2
7,25,0,0,2
8,25,0,0,2
9,25,0,0,2
10,25,0,0,2
11,25,0,0,2
12,25,0,0,2
13,25,0,0,2
14,25,0,0,2
15,25,0,0,2
16,25,0,0,2
17,25,0,0,2
18,25,0,0,2
19,25,0,0,2
20,25,0,0,3
21,25,0,0,3
22,25,0,0,3
23,25,0,0,3
24,25,0,0,3
25,25,0,0,3
26,25,0,0,3
27,25,0,0,3
28,25,0,0,3
29,25,0,0,3
30,25,0,0,3
31,25,0,0,3
32,25,0,0,3
33,25,0,0,3
34,25,0,0,3
35,25,0,0,3
36,25,0,0,3
37,25,0,0,3
38,25,0,0,3
39,25,0,0,3
40,25,0,0,4
41,25,0,0,4
42,25,0,0,4
43,25,0,0,4
44,25,0,0,4
45,25,0,0,4
46,25,0,0,4
47,25,0,0,4
48,25,0,0,4
49,25,0,0,4
50,25,0,0,4
51,25,0,0,4
52,25,0,0,4
53,25,0,0,4
54,25,0,0,4
55,25,0,0,4
56,25,0,0,4
57,25,0,0,4
58,25,0,0,4
59,25,0,0,4
60,25,0,0,5
61,25,0,0,5
62,25,0,0,5
63,25,0,0,5
64,25,0,0,5
65,25,0,0,5
66,25,0,0,5
67,25,0,0,5
68,25,0,0,5
69,25,0,0,5
70,25,0,0,5
71,25,0,0,5
72,25,0,0,5
73,25,0,0,5
74,25,0,0,5
75,25,0,0,5
76,25,0,0,5
77,25,0,0,5
78,25,0,0,5
79,25,0,0,5
80,25,0,0.1,2
81,25,0,0.1,2
82,25,0,0.1,2
83,25,0,0.1,2
84,25,0,0.1,2
85,25,0,0.1,2
86,25,0,0.1,2
87,25,0,0.1,2
88,25,0,0.1,2
89,25,0,0.1,2
90,25,0,0.1,2
91,25,0,0.1,2
92,25,0,0.1,2
93,25,0,0.1,2
94,25,0,0.1,2
95,25,0,0.1,2
96,25,0,0.1,2
97,25,0,0.1,2
98,25,0,0.1,2
99,25,0,0.1,2
100,25,0,0.1,3
101,25,0,0.1,3
102,25,0,0.1,3
103,25,0,0.1,3
104,25,0,0.1,3
105,25,0,0.1,3
106,25,0,0.1,3
107,25,0,0.1,3
108,25,0,0.1,3
109,25,0,0.1,3
110,25,0,0.1,3
111,25,0,0.1,3
112,25,0,0.1,3
113,25,0,0.1,3
114,25,0,0.1,3
115,25,0,0.1,3
116,25,0,0.1,3
117,25,0,0.1,3
118,25,0,0.1,3
119,25,0,0.1,3
120,25,0,0.1,4
121,25,0,0.1,4
122,25,0,0.1,4
123,25,0,0.1,4
124,25,0,0.1,4
125,25,0,0.1,4
126,25,0,0.1,4
127,25,0,0.1,4
128,25,0,0.1,4
129,25,0,0.1,4
130,25,0,0.1,4
131,25,0,0.1,4
132,25,0,0.1,4
133,25,0,0.1,4
134,25,0,0.1,4
135,25,0,0.1,4
136,25,0,0.1,4
137,25,0,0.1,4
138,25,0,0.1,4
139,25,0,0.1,4
140,25,0,0.1,5
141,25,0,0.1,5
142,25,0,0.1,5
143,25,0,0.1,5
144,25,0,0.1,5
145,25,0,0.1,5
146,25,0,0.1,5
147,25,0,0.1,5
148,25,0,0.1,5
149,25,0,0.1,5
150,25,0,0.1,5
151,25,0,0.1,5
152,25,0,0.1,5
153,25,0,0.1,5
154,25,0,0.1,5
155,25,0,0.1,5
156,25,0,0.1,5
157,25,0,0.1,5
158,25,0,0.1,5
159,25,0,0.1,5
160,25,0,0.3,2
161,25,0,0.3,2
162,25,0,0.3,2
163,25,0,0.3,2
164,25,0,0.3,2
165,25,0,0.3,2
166,25,0,0.3,2
167,25,0,0.3,2
168,25,0,0.3,2
169,25,0,0.3,2
170,25,0,0.3,2
171,25,0,0.3,2
172,25,0,0.3,2
173,25,0,0.3,2
174,25,0,0.3,2
175,25,0,0.3,2
176,25,0,0.3,2
177,25,0,0.3,2
178,25,0,0.3,2
179,25,0,0.3,2
180,25,0,0.3,3
181,25,0,0.3,3
182,25,0,0.3,3
183,25,0,0.3,3
184,25,0,0.3,3
185,25,0,0.3,3
186,25,0,0.3,3
187,25,0,0.3,3
188,25,0,0.3,3
189,25,0,0.3,3
190,25,0,0.3,3
191,25,0,0.3,3
192,25,0,0.3,3
193,25,0,0.3,3
194,25,0,0.3,3
195,25,0,0.3,3
196,25,0,0.3,3
197,25,0,0.3,3
198,25,0,0.3,3
199,25,0,0.3,3
200,25,0,0.3,4
201,25,0,0.3,4
202,25,0,0.3,4
203,25,0,0.3,4
204,25,0,0.3,4
205,25,0,0.3,4
206,25,0,0.3,4
207,25,0,0.3,4
208,25,0,0.3,4
209,25,0,0.3,4
210,25,0,0.3,4
211,25,0,0.3,4
212,25,0,0.3,4
213,25,0,0.3,4
214,25,0,0.3,4
215,25,0,0.3,4
216,25,0,0.3,4
217,25,0,0.3,4
218,25,0,0.3,4
219,25,0,0.3,4
220,25,0,0.3,5
221,25,0,0.3,5
222,25,0,0.3,5
223,25,0,0.3,5
224,25,0,0.3,5
225,25,0,0.3,5
226,25,0,0.3,5
227,25,0,0.3,5
228,25,0,0.3,5
229,25,0,0.3,5
230,25,0,0.3,5
231,25,0,0.3,5
232,25,0,0.3,5
233,25,0,0.3,5
234,25,0,0.3,5
235,25,0,0.3,5
236,25,0,0.3,5
237,25,0,0.3,5
238,25,0,0.3,5
239,25,0,0.3,5
240,25,0,0.5,2
241,25,0,0.5,2
242,25,0,0.5,2
243,25,0,0.5,2
244,25,0,0.5,2
245,25,0,0.5,2
246,25,0,0.5,2
247,25,0,0.5,2
248,25,0,0.5,2
249,25,0,0.5,2
250,25,0,0.5,2
251,25,0,0.5,2
252,25,0,0.5,2
253,25,0,0.5,2
254,25,0,0.5,2
255,25,0,0.5,2
256,25,0,0.5,2
257,25,0,0.5,2
258,25,0,0.5,2
259,25,0,0.5,2
260,25,0,0.5,3
261,25,0,0.5,3
262,25,0,0.5,3
263,25,0,0.5,3
264,25,0,0.5,3
265,25,0,0.5,3
266,25,0,0.5,3
267,25,0,0.5,3
268,25,0,0.5,3
269,25,0,0.5,3
270,25,0,0.5,3
271,25,0,0.5,3
272,25,0,0.5,3
273,25,0,0.5,3
274,25,0,0.5,3
275,25,0,0.5,3
276,25,0,0.5,3
277,25,0,0.5,3
278,25,0,0.5,3
279,25,0,0.5,3
280,25,0,0.5,4
281,25,0,0.5,4
282,25,0,0.5,4
283,25,0,0.5,4
284,25,0,0.5,4
285,25,0,0.5,4
286,25,0,0.5,4
287,25,0,0.5,4
288,25,0,0.5,4
289,25,0,0.5,4
290,25,0,0.5,4
291,25,0,0.5,4
292,25,0,0.5,4
293,25,0,0.5,4
294,25,0,0.5,4
295,25,0,0.5,4
296,25,0,0.5,4
297,25,0,0.5,4
298,25,0,0.5,4
299,25,0,0.5,4
300,25,0,0.5,5
301,25,0,0.5,5
302,25,0,0.5,5
303,25,0,0.5,5
304,25,0,0.5,5
305,25,0,0.5,5
306,25,0,0.5,5
307,25,0,0.5,5
308,25,0,0.5,5
309,25,0,0.5,5
310,25,0,0.5,5
311,25,0,0.5,5
312,25,0,0.5,5
313,25,0,0.5,5
314,25,0,0.5,5
315,25,0,0.5,5
316,25,0,0.5,5
317,25,0,0.5,5
318,25,0,0.5,5
319,25,0,0.5,5
320,25,0.01,0,2
321,25,0.01,0,2
322,25,0.01,0,2
323,25,0.01,0,2
324,25,0.01,0,2
325,25,0.01,0,2
326,25,0.01,0,2
327,25,0.01,0,2
328,25,0.01,0,2
329,25,0.01,0,2
330,25,0.01,0,2
331,25,0.01,0,2
332,25,0.01,0,2
333,25,0.01,0,2
334,25,0.01,0,2
335,25,0.01,0,2
336,25,0.01,0,2
337,25,0.01,0,2
338,25,0.01,0,2
339,25,0.01,0,2
340,25,0.01,0,3
341,25,0.01,0,3
342,25,0.01,0,3
343,25,0.01,0,3
344,25,0.01,0,3
345,25,0.01,0,3
346,25,0.01,0,3
347,25,0.01,0,3
348,25,0.01,0,3
349,25,0.01,0,3
350,25,0.01,0,3
351,25,0.01,0,3
352,25,0.01,0,3
353,25,0.01,0,3
354,25,0.01,0,3
355,25,0.01,0,3
356,25,0.01,0,3
357,25,0.01,0,3
358,25,0.01,0,3
359,25,0.01,0,3
360,25,0.01,0,4
361,25,0.01,0,4
362,25,0.01,0,4
363,25,0.01,0,4
364,25,0.01,0,4
365,25,0.01,0,4
366,25,0.01,0,4
367,25,0.01,0,4
368,25,0.01,0,4
369,25,0.01,0,4
370,25,0.01,0,4
371,25,0.01,0,4
372,25,0.01,0,4
373,25,0.01,0,4
374,25,0.01,0,4
375,25,0.01,0,4
376,25,0.01,0,4
377,25,0.01,0,4
378,25,0.01,0,4
379,25,0.01,0,4
380,25,0.01,0,5
381,25,0.01,0,5
382,25,0.01,0,5
383,25,0.01,0,5
384,25,0.01,0,5
385,25,0.01,0,5
386,25,0.01,0,5
387,25,0.01,0,5
388,25,0.01,0,5
389,25,0.01,0,5
390,25,0.01,0,5
391,25,0.01,0,5
392,25,0.01,0,5
393,25,0.01,0,5
394,25,0.01,0,5
395,25,0.01,0,5
396,25,0.01,0,5
397,25,0.01,0,5
398,25,0.01,0,5
399,25,0.01,0,5
400,25,0.01,0.1,2
401,25,0.01,0.1,2
402,25,0.01,0.1,2
403,25,0.01,0.1,2
404,25,0.01,0.1,2
405,25,0.01,0.1,2
406,25,0.01,0.1,2
407,25,0.01,0.1,2
408,25,0.01,0.1,2
409,25,0.01,0.1,2
410,25,0.01,0.1,2
411,25,0.01,0.1,2
412,25,0.01,0.1,2
413,25,0.01,0.1,2
414,25,0.01,0.1,2
415,25,0.01,0.1,2
416,25,0.01,0.1,2
417,25,0.01,0.1,2
418,25,0.01,0.1,2
419,25,0.01,0.1,2
420,25,0.01,0.1,3
421,25,0.01,0.1,3
422,25,0.01,0.1,3
423,25,0.01,0.1,3
424,25,0.01,0.1,3
425,25,0.01,0.1,3
426,25,0.01,0.1,3
427,25,0.01,0.1,3
428,25,0.01,0.1,3
429,25,0.01,0.1,3
430,25,0.01,0.1,3
431,25,0.01,0.1,3
432,25,0.01,0.1,3
433,25,0.01,0.1,3
434,25,0.01,0.1,3
435,25,0.01,0.1,3
436,25,0.01,0.1,3
437,25,0.01,0.1,3
438,25,0.01,0.1,3
439,25,0.01,0.1,3
440,25,0.01,0.1,4
441,25,0.01,0.1,4
442,25,0.01,0.1,4
443,25,0.01,0.1,4
444,25,0.01,0.1,4
445,25,0.01,0.1,4
446,25,0.01,0.1,4
447,25,0.01,0.1,4
448,25,0.01,0.1,4
449,25,0.01,0.1,4
450,25,0.01,0.1,4
451,25,0.01,0.1,4
452,25,0.01,0.1,4
453,25,0.01,0.1,4
454,25,0.01,0.1,4
455,25,0.01,0.1,4
456,25,0.01,0.1,4
457,25,0.01,0.1,4
458,25,0.01,0.1,4
459,25,0.01,0.1,4
460,25,0.01,0.1,5
461,25,0.01,0.1,5
462,25,0.01,0.1,5
463,25,0.01,0.1,5
464,25,0.01,0.1,5
465,25,0.01,0.1,5
466,25,0.01,0.1,5
467,25,0.01,0.1,5
468,25,0.01,0.1,5
469,25,0.01,0.1,5
470,25,0.01,0.1,5
471,25,0.01,0.1,5
472,25,0.01,0.1,5
473,25,0.01,0.1,5
474,25,0.01,0.1,5
475,25,0.01,0.1,5
476,25,0.01,0.1,5
477,25,0.01,0.1,5
478,25,0.01,0.1,5
479,25,0.01,0.1,5
480,25,0.01,0.3,2
481,25,0.01,0.3,2
482,25,0.01,0.3,2
483,25,0.01,0.3,2
484,25,0.01,0.3,2
485,25,0.01,0.3,2
486,25,0.01,0.3,2
487,25,0.01,0.3,2
488,25,0.01,0.3,2
489,25,0.01,0.3,2
490,25,0.01,0.3,2
491,25,0.01,0.3,2
492,25,0.01,0.3,2
493,25,0.01,0.3,2
494,25,0.01,0.3,2
495,25,0.01,0.3,2
496,25,0.01,0.3,2
497,25,0.01,0.3,2
498,25,0.01,0.3,2
499,25,0.01,0.3,2
500,25,0.01,0.3,3
501,25,0.01,0.3,3
502,25,0.01,0.3,3
503,25,0.01,0.3,3
504,25,0.01,0.3,3
505,25,0.01,0.3,3
506,25,0.01,0.3,3
507,25,0.01,0.3,3
508,25,0.01,0.3,3
509,25,0.01,0.3,3
510,25,0.01,0.3,3
511,25,0.01,0.3,3
512,25,0.01,0.3,3
513,25,0.01,0.3,3
514,25,0.01,0.3,3
515,25,0.01,0.3,3
516,25,0.01,0.3,3
517,25,0.01,0.3,3
518,25,0.01,0.3,3
519,25,0.01,0.3,3
520,25,0.01,0.3,4
521,25,0.01,0.3,4
522,25,0.01,0.3,4
523,25,0.01,0.3,4
524,25,0.01,0.3,4
525,25,0.01,0.3,4
526,25,0.01,0.3,4
527,25,0.01,0.3,4
528,25,0.01,0.3,4
529,25,0.01,0.3,4
530,25,0.01,0.3,4
531,25,0.01,0.3,4
532,25,0.01,0.3,4
533,25,0.01,0.3,4
534,25,0.01,0.3,4
535,25,0.01,0.3,4
536,25,0.01,0.3,4
537,25,0.01,0.3,4
538,25,0.01,0.3,4
539,25,0.01,0.3,4
540,25,0.01,0.3,5
541,25,0.01,0.3,5
542,25,0.01,0.3,5
543,25,0.01,0.3,5
544,25,0.01,0.3,5
545,25,0.01,0.3,5
546,25,0.01,0.3,5
547,25,0.01,0.3,5
548,25,0.01,0.3,5
549,25,0.01,0.3,5
550,25,0.01,0.3,5
551,25,0.01,0.3,5
552,25,0.01,0.3,5
553,25,0.01,0.3,5
554,25,0.01,0.3,5
555,25,0.01,0.3,5
556,25,0.01,0.3,5
557,25,0.01,0.3,5
558,25,0.01,0.3,5
559,25,0.01,0.3,5
560,25,0.01,0.5,2
561,25,0.01,0.5,2
562,25,0.01,0.5,2
563,25,0.01,0.5,2
564,25,0.01,0.5,2
565,25,0.01,0.5,2
566,25,0.01,0.5,2
567,25,0.01,0.5,2
568,25,0.01,0.5,2
569,25,0.01,0.5,2
570,25,0.01,0.5,2
571,25,0.01,0.5,2
572,25,0.01,0.5,2
573,25,0.01,0.5,2
574,25,0.01,0.5,2
575,25,0.01,0.5,2
576,25,0.01,0.5,2
577,25,0.01,0.5,2
578,25,0.01,0.5,2
579,25,0.01,0.5,2
580,25,0.01,0.5,3
581,25,0.01,0.5,3
582,25,0.01,0.5,3
583,25,0.01,0.5,3
584,25,0.01,0.5,3
585,25,0.01,0.5,3
586,25,0.01,0.5,3
587,25,0.01,0.5,3
588,25,0.01,0.5,3
589,25,0.01,0.5,3
590,25,0.01,0.5,3
591,25,0.01,0.5,3
592,25,0.01,0.5,3
593,25,0.01,0.5,3
594,25,0.01,0.5,3
595,25,0.01,0.5,3
596,25,0.01,0.5,3
597,25,0.01,0.5,3
598,25,0.01,0.5,3
599,25,0.01,0.5,3
600,25,0.01,0.5,4
601,25,0.01,0.5,4
602,25,0.01,0.5,4
603,25,0.01,0.5,4
604,25,0.01,0.5,4
605,25,0.01,0.5,4
606,25,0.01,0.5,4
607,25,0.01,0.5,4
608,25,0.01,0.5,4
609,25,0.01,0.5,4
610,25,0.01,0.5,4
611,25,0.01,0.5,4
612,25,0.01,0.5,4
613,25,0.01,0.5,4
614,25,0.01,0.5,4
615,25,0.01,0.5,4
616,25,0.01,0.5,4
617,25,0.01,0.5,4
618,25,0.01,0.5,4
619,25,0.01,0.5,4
620,25,0.01,0.5,5
621,25,0.01,0.5,5
622,25,0.01,0.5,5
623,25,0.01,0.5,5
624,25,0.01,0.5,5
625,25,0.01,0.5,5
626,25,0.01,0.5,5
627,25,0.01,0.5,5
628,25,0.01,0.5,5
629,25,0.01,0.5,5
630,25,0.01,0.5,5
631,25,0.01,0.5,5
632,25,0.01,0.5,5
633,25,0.01,0.5,5
634,25,0.01,0.5,5
635,25,0.01,0.5,5
636,25,0.01,0.5,5
637,25,0.01,0.5,5
638,25,0.01,0.5,5
639,25,0.01,0.5,5
640,25,0.03,0,2
641,25,0.03,0,2
642,25,0.03,0,2
643,25,0.03,0,2
644,25,0.03,0,2
645,25,0.03,0,2
646,25,0.03,0,2
647,25,0.03,0,2
648,25,0.03,0,2
649,25,0.03,0,2
650,25,0.03,0,2
651,25,0.03,0,2
652,25,0.03,0,2
653,25,0.03,0,2
654,25,0.03,0,2
655,25,0.03,0,2
656,25,0.03,0,2
657,25,0.03,0,2
658,25,0.03,0,2
659,25,0.03,0,2
660,25,0.03,0,3
661,25,0.03,0,3
662,25,0.03,0,3
663,25,0.03,0,3
664,25,0.03,0,3
665,25,0.03,0,3
666,25,0.03,0,3
667,25,0.03,0,3
668,25,0.03,0,3
669,25,0.03,0,3
670,25,0.03,0,3
671,25,0.03,0,3
672,25,0.03,0,3
673,25,0.03,0,3
674,25,0.03,0,3
675,25,0.03,0,3
676,25,0.03,0,3
677,25,0.03,0,3
678,25,0.03,0,3
679,25,0.03,0,3
680,25,0.03,0,4
681,25,0.03,0,4
682,25,0.03,0,4
683,25,0.03,0,4
684,25,0.03,0,4
685,25,0.03,0,4
686,25,0.03,0,4
687,25,0.03,0,4
688,25,0.03,0,4
689,25,0.03,0,4
690,25,0.03,0,4
691,25,0.03,0,4
692,25,0.03,0,4
693,25,0.03,0,4
694,25,0.03,0,4
695,25,0.03,0,4
696,25,0.03,0,4
697,25,0.03,0,4
698,25,0.03,0,4
699,25,0.03,0,4
700,25,0.03,0,5
701,25,0.03,0,5
702,25,0.03,0,5
703,25,0.03,0,5
704,25,0.03,0,5
705,25,0.03,0,5
706,25,0.03,0,5
707,25,0.03,0,5
708,25,0.03,0,5
709,25,0.03,0,5
710,25,0.03,0,5
711,25,0.03,0,5
712,25,0.03,0,5
713,25,0.03,0,5
714,25,0.03,0,5
715,25,0.03,0,5
716,25,0.03,0,5
717,25,0.03,0,5
718,25,0.03,0,5
719,25,0.03,0,5
720,25,0.03,0.1,2
721,25,0.03,0.1,2
722,25,0.03,0.1,2
723,25,0.03,0.1,2
724,25,0.03,0.1,2
725,25,0.03,0.1,2
726,25,0.03,0.1,2
727,25,0.03,0.1,2
728,25,0.03,0.1,2
729,25,0.03,0.1,2
730,25,0.03,0.1,2
731,25,0.03,0.1,2
732,25,0.03,0.1,2
733,25,0.03,0.1,2
734,25,0.03,0.1,2
735,25,0.03,0.1,2
736,25,0.03,0.1,2
737,25,0.03,0.1,2
738,25,0.03,0.1,2
739,25,0.03,0.1,2
740,25,0.03,0.1,3
741,25,0.03,0.1,3
742,25,0.03,0.1,3
743,25,0.03,0.1,3
744,25,0.03,0.1,3
745,25,0.03,0.1,3
746,25,0.03,0.1,3
747,25,0.03,0.1,3
748,25,0.03,0.1,3
749,25,0.03,0.1,3
750,25,0.03,0.1,3
751,25,0.03,0.1,3
752,25,0.03,0.1,3
753,25,0.03,0.1,3
754,25,0.03,0.1,3
755,25,0.03,0.1,3
756,25,0.03,0.1,3
757,25,0.03,0.1,3
758,25,0.03,0.1,3
759,25,0.03,0.1,3
760,25,0.03,0.1,4
761,25,0.03,0.1,4
762,25,0.03,0.1,4
763,25,0.03,0.1,4
764,25,0.03,0.1,4
765,25,0.03,0.1,4
766,25,0.03,0.1,4
767,25,0.03,0.1,4
768,25,0.03,0.1,4
769,25,0.03,0.1,4
770,25,0.03,0.1,4
771,25,0.03,0.1,4
772,25,0.03,0.1,4
773,25,0.03,0.1,4
774,25,0.03,0.1,4
775,25,0.03,0.1,4
776,25,0.03,0.1,4
777,25,0.03,0.1,4
778,25,0.03,0.1,4
779,25,0.03,0.1,4
780,25,0.03,0.1,5
781,25,0.03,0.1,5
782,25,0.03,0.1,5
783,25,0.03,0.1,5
784,25,0.03,0.1,5
785,25,0.03,0.1,5
786,25,0.03,0.1,5
787,25,0.03,0.1,5
788,25,0.03,0.1,5
789,25,0.03,0.1,5
790,25,0.03,0.1,5
791,25,0.03,0.1,5
792,25,0.03,0.1,5
793,25,0.03,0.1,5
794,25,0.03,0.1,5
795,25,0.03,0.1,5
796,25,0.03,0.1,5
797,25,0.03,0.1,5
798,25,0.03,0.1,5
799,25,0.03,0.1,5
800,25,0.03,0.3,2
801,25,0.03,0.3,2
802,25,0.03,0.3,2
803,25,0.03,0.3,2
804,25,0.03,0.3,2
805,25,0.03,0.3,2
806,25,0.03,0.3,2
807,25,0.03,0.3,2
808,25,0.03,0.3,2
809,25,0.03,0.3,2
810,25,0.03,0.3,2
811,25,0.03,0.3,2
812,25,0.03,0.3,2
813,25,0.03,0.3,2
814,25,0.03,0.3,2
815,25,0.03,0.3,2
816,25,0.03,0.3,2
817,25,0.03,0.3,2
818,25,0.03,0.3,2
819,25,0.03,0.3,2
820,25,0.03,0.3,3
821,25,0.03,0.3,3
822,25,0.03,0.3,3
823,25,0.03,0.3,3
824,25,0.03,0.3,3
825,25,0.03,0.3,3
826,25,0.03,0.3,3
827,25,0.03,0.3,3
828,25,0.03,0.3,3
829,25,0.03,0.3,3
830,25,0.03,0.3,3
831,25,0.03,0.3,3
832,25,0.03,0.3,3
833,25,0.03,0.3,3
834,25,0.03,0.3,3
835,25,0.03,0.3,3
836,25,0.03,0.3,3
837,25,0.03,0.3,3
838,25,0.03,0.3,3
839,25,0.03,0.3,3
840,25,0.03,0.3,4
841,25,0.03,0.3,4
842,25,0.03,0.3,4
843,25,0.03,0.3,4
844,25,0.03,0.3,4
845,25,0.03,0.3,4
846,25,0.03,0.3,4
847,25,0.03,0.3,4
848,25,0.03,0.3,4
849,25,0.03,0.3,4
850,25,0.03,0.3,4
851,25,0.03,0.3,4
852,25,0.03,0.3,4
853,25,0.03,0.3,4
854,25,0.03,0.3,4
855,25,0.03,0.3,4
856,25,0.03,0.3,4
857,25,0.03,0.3,4
858,25,0.03,0.3,4
859,25,0.03,0.3,4
860,25,0.03,0.3,5
861,25,0.03,0.3,5
862,25,0.03,0.3,5
863,25,0.03,0.3,5
864,25,0.03,0.3,5
865,25,0.03,0.3,5
866,25,0.03,0.3,5
867,25,0.03,0.3,5
868,25,0.03,0.3,5
869,25,0.03,0.3,5
870,25,0.03,0.3,5
871,25,0.03,0.3,5
872,25,0.03,0.3,5
873,25,0.03,0.3,5
874,25,0.03,0.3,5
875,25,0.03,0.3,5
876,25,0.03,0.3,5
877,25,0.03,0.3,5
878,25,0.03,0.3,5
879,25,0.03,0.3,5
880,25,0.03,0.5,2
881,25,0.03,0.5,2
882,25,0.03,0.5,2
883,25,0.03,0.5,2
884,25,0.03,0.5,2
885,25,0.03,0.5,2
886,25,0.03,0.5,2
887,25,0.03,0.5,2
888,25,0.03,0.5,2
889,25,0.03,0.5,2
890,25,0.03,0.5,2
891,25,0.03,0.5,2
892,25,0.03,0.5,2
893,25,0.03,0.5,2
894,25,0.03,0.5,2
895,25,0.03,0.5,2
896,25,0.03,0.5,2
897,25,0.03,0.5,2
898,25,0.03,0.5,2
899,25,0.03,0.5,2
900,25,0.03,0.5,3
901,25,0.03,0.5,3
902,25,0.03,0.5,3
903,25,0.03,0.5,3
904,25,0.03,0.5,3
905,25,0.03,0.5,3
906,25,0.03,0.5,3
907,25,0.03,0.5,3
908,25,0.03,0.5,3
909,25,0.03,0.5,3
910,25,0.03,0.5,3
911,25,0.03,0.5,3
912,25,0.03,0.5,3
913,25,0.03,0.5,3
914,25,0.03,0.5,3
915,25,0.03,0.5,3
916,25,0.03,0.5,3
917,25,0.03,0.5,3
918,25,0.03,0.5,3
919,25,0.03,0.5,3
920,25,0.03,0.5,4
921,25,0.03,0.5,4
922,25,0.03,0.5,4
923,25,0.03,0.5,4
924,25,0.03,0.5,4
925,25,0.03,0.5,4
926,25,0.03,0.5,4
927,25,0.03,0.5,4
928,25,0.03,0.5,4
929,25,0.03,0.5,4
930,25,0.03,0.5,4
931,25,0.03,0.5,4
932,25,0.03,0.5,4
933,25,0.03,0.5,4
934,25,0.03,0.5,4
935,25,0.03,0.5,4
936,25,0.03,0.5,4
937,25,0.03,0.5,4
938,25,0.03,0.5,4
939,25,0.03,0.5,4
940,25,0.03,0.5,5
941,25,0.03,0.5,5
942,25,0.03,0.5,5
943,25,0.03,0.5,5
944,25,0.03,0.5,5
945,25,0.03,0.5,5
946,25,0.03,0.5,5
947,25,0.03,0.5,5
948,25,0.03,0.5,5
949,25,0.03,0.5,5
950,25,0.03,0.5,5
951,25,0.03,0.5,5
952,25,0.03,0.5,5
953,25,0.03,0.5,5
954,25,0.03,0.5,5
955,25,0.03,0.5,5
956,25,0.03,0.5,5
957,25,0.03,0.5,5
958,25,0.03,0.5,5
959,25,0.03,0.5,5
960,25,0.05,0,2
961,25,0.05,0,2
962,25,0.05,0,2
963,25,0.05,0,2
964,25,0.05,0,2
965,25,0.05,0,2
966,25,0.05,0,2
967,25,0.05,0,2
968,25,0.05,0,2
969,25,0.05,0,2
970,25,0.05,0,2
971,25,0.05,0,2
972,25,0.05,0,2
973,25,0.05,0,2
974,25,0.05,0,2
975,25,0.05,0,2
976,25,0.05,0,2
977,25,0.05,0,2
978,25,0.05,0,2
979,25,0.05,0,2
980,25,0.05,0,3
981,25,0.05,0,3
982,25,0.05,0,3
983,25,0.05,0,3
984,25,0.05,0,3
985,25,0.05,0,3
986,25,0.05,0,3
987,25,0.05,0,3
988,25,0.05,0,3
989,25,0.05,0,3
990,25,0.05,0,3
991,25,0.05,0,3
992,25,0.05,0,3
993,25,0.05,0,3
994,25,0.05,0,3
995,25,0.05,0,3
996,25,0.05,0,3
997,25,0.05,0,3
998,25,0.05,0,3
999,25,0.05,0,3
1000,25,0.05,0,4
1001,25,0.05,0,4
1002,25,0.05,0,4
1003,25,0.05,0,4
1004,25,0.05,0,4
1005,25,0.05,0,4
1006,25,0.05,0,4
1007,25,0.05,0,4
1008,25,0.05,0,4
1009,25,0.05,0,4
1010,25,0.05,0,4
1011,25,0.05,0,4
1012,25,0.05,0,4
1013,25,0.05,0,4
1014,25,0.05,0,4
1015,25,0.05,0,4
1016,25,0.05,0,4
1017,25,0.05,0,4
1018,25,0.05,0,4
1019,25,0.05,0,4
1020,25,0.05,0,5
1021,25,0.05,0,5
1022,25,0.05,0,5
1023,25,0.05,0,5
1024,25,0.05,0,5
1025,25,0.05,0,5
1026,25,0.05,0,5
1027,25,0.05,0,5
1028,25,0.05,0,5
1029,25,0.05,0,5
1030,25,0.05,0,5
1031,25,0.05,0,5
1032,25,0.05,0,5
1033,25,0.05,0,5
1034,25,0.05,0,5
1035,25,0.05,0,5
1036,25,0.05,0,5
1037,25,0.05,0,5
1038,25,0.05,0,5
1039,25,0.05,0,5
1040,25,0.05,0.1,2
1041,25,0.05,0.1,2
1042,25,0.05,0.1,2
1043,25,0.05,0.1,2
1044,25,0.05,0.1,2
1045,25,0.05,0.1,2
1046,25,0.05,0.1,2
1047,25,0.05,0.1,2
1048,25,0.05,0.1,2
1049,25,0.05,0.1,2
1050,25,0.05,0.1,2
1051,25,0.05,0.1,2
1052,25,0.05,0.1,2
1053,25,0.05,0.1,2
1054,25,0.05,0.1,2
1055,25,0.05,0.1,2
1056,25,0.05,0.1,2
1057,25,0.05,0.1,2
1058,25,0.05,0.1,2
1059,25,0.05,0.1,2
1060,25,0.05,0.1,3
1061,25,0.05,0.1,3
1062,25,0.05,0.1,3
1063,25,0.05,0.1,3
1064,25,0.05,0.1,3
1065,25,0.05,0.1,3
1066,25,0.05,0.1,3
1067,25,0.05,0.1,3
1068,25,0.05,0.1,3
1069,25,0.05,0.1,3
1070,25,0.05,0.1,3
1071,25,0.05,0.1,3
1072,25,0.05,0.1,3
1073,25,0.05,0.1,3
1074,25,0.05,0.1,3
1075,25,0.05,0.1,3
1076,25,0.05,0.1,3
1077,25,0.05,0.1,3
1078,25,0.05,0.1,3
1079,25,0.05,0.1,3
1080,25,0.05,0.1,4
1081,25,0.05,0.1,4
1082,25,0.05,0.1,4
1083,25,0.05,0.1,4
1084,25,0.05,0.1,4
1085,25,0.05,0.1,4
1086,25,0.05,0.1,4
1087,25,0.05,0.1,4
1088,25,0.05,0.1,4
1089,25,0.05,0.1,4
1090,25,0.05,0.1,4
1091,25,0.05,0.1,4
1092,25,0.05,0.1,4
1093,25,0.05,0.1,4
1094,25,0.05,0.1,4
1095,25,0.05,0.1,4
1096,25,0.05,0.1,4
1097,25,0.05,0.1,4
1098,25,0.05,0.1,4
1099,25,0.05,0.1,4
1100,25,0.05,0.1,5
1101,25,0.05,0.1,5
1102,25,0.05,0.1,5
1103,25,0.05,0.1,5
1104,25,0.05,0.1,5
1105,25,0.05,0.1,5
1106,25,0.05,0.1,5
1107,25,0.05,0.1,5
1108,25,0.05,0.1,5
1109,25,0.05,0.1,5
1110,25,0.05,0.1,5
1111,25,0.05,0.1,5
1112,25,0.05,0.1,5
1113,25,0.05,0.1,5
1114,25,0.05,0.1,5
1115,25,0.05,0.1,5
1116,25,0.05,0.1,5
1117,25,0.05,0.1,5
1118,25,0.05,0.1,5
1119,25,0.05,0.1,5
1120,25,0.05,0.3,2
1121,25,0.05,0.3,2
1122,25,0.05,0.3,2
1123,25,0.05,0.3,2
1124,25,0.05,0.3,2
1125,25,0.05,0.3,2
1126,25,0.05,0.3,2
1127,25,0.05,0.3,2
1128,25,0.05,0.3,2
1129,25,0.05,0.3,2
1130,25,0.05,0.3,2
1131,25,0.05,0.3,2
1132,25,0.05,0.3,2
1133,25,0.05,0.3,2
1134,25,0.05,0.3,2
1135,25,0.05,0.3,2
1136,25,0.05,0.3,2
1137,25,0.05,0.3,2
1138,25,0.05,0.3,2
1139,25,0.05,0.3,2
1140,25,0.05,0.3,3
1141,25,0.05,0.3,3
1142,25,0.05,0.3,3
1143,25,0.05,0.3,3
1144,25,0.05,0.3,3
1145,25,0.05,0.3,3
1146,25,0.05,0.3,3
1147,25,0.05,0.3,3
1148,25,0.05,0.3,3
1149,25,0.05,0.3,3
1150,25,0.05,0.3,3
1151,25,0.05,0.3,3
1152,25,0.05,0.3,3
1153,25,0.05,0.3,3
1154,25,0.05,0.3,3
1155,25,0.05,0.3,3
1156,25,0.05,0.3,3
1157,25,0.05,0.3,3
1158,25,0.05,0.3,3
1159,25,0.05,0.3,3
1160,25,0.05,0.3,4
1161,25,0.05,0.3,4
1162,25,0.05,0.3,4
1163,25,0.05,0.3,4
1164,25,0.05,0.3,4
1165,25,0.05,0.3,4
1166,25,0.05,0.3,4
1167,25,0.05,0.3,4
1168,25,0.05,0.3,4
1169,25,0.05,0.3,4
1170,25,0.05,0.3,4
1171,25,0.05,0.3,4
1172,25,0.05,0.3,4
1173,25,0.05,0.3,4
1174,25,0.05,0.3,4
1175,25,0.05,0.3,4
1176,25,0.05,0.3,4
1177,25,0.05,0.3,4
1178,25,0.05,0.3,4
1179,25,0.05,0.3,4
1180,25,0.05,0.3,5
1181,25,0.05,0.3,5
1182,25,0.05,0.3,5
1183,25,0.05,0.3,5
1184,25,0.05,0.3,5
1185,25,0.05,0.3,5
1186,25,0.05,0.3,5
1187,25,0.05,0.3,5
1188,25,0.05,0.3,5
1189,25,0.05,0.3,5
1190,25,0.05,0.3,5
1191,25,0.05,0.3,5
1192,25,0.05,0.3,5
1193,25,0.05,0.3,5
1194,25,0.05,0.3,5
1195,25,0.05,0.3,5
1196,25,0.05,0.3,5
1197,25,0.05,0.3,5
1198,25,0.05,0.3,5
1199,25,0.05,0.3,5
1200,25,0.05,0.5,2
1201,25,0.05,0.5,2
1202,25,0.05,0.5,2
1203,25,0.05,0.5,2
1204,25,0.05,0.5,2
1205,25,0.05,0.5,2
1206,25,0.05,0.5,2
1207,25,0.05,0.5,2
1208,25,0.05,0.5,2
1209,25,0.05,0.5,2
1210,25,0.05,0.5,2
1211,25,0.05,0.5,2
1212,25,0.05,0.5,2
1213,25,0.05,0.5,2
1214,25,0.05,0.5,2
1215,25,0.05,0.5,2
1216,25,0.05,0.5,2
1217,25,0.05,0.5,2
1218,25,0.05,0.5,2
1219,25,0.05,0.5,2
1220,25,0.05,0.5,3
1221,25,0.05,0.5,3
1222,25,0.05,0.5,3
1223,25,0.05,0.5,3
1224,25,0.05,0.5,3
1225,25,0.05,0.5,3
1226,25,0.05,0.5,3
1227,25,0.05,0.5,3
1228,25,0.05,0.5,3
1229,25,0.05,0.5,3
1230,25,0.05,0.5,3
1231,25,0.05,0.5,3
1232,25,0.05,0.5,3
1233,25,0.05,0.5,3
1234,25,0.05,0.5,3
1235,25,0.05,0.5,3
1236,25,0.05,0.5,3
1237,25,0.05,0.5,3
1238,25,0.05,0.5,3
1239,25,0.05,0.5,3
1240,25,0.05,0.5,4
1241,25,0.05,0.5,4
1242,25,0.05,0.5,4
1243,25,0.05,0.5,4
1244,25,0.05,0.5,4
1245,25,0.05,0.5,4
1246,25,0.05,0.5,4
1247,25,0.05,0.5,4
1248,25,0.05,0.5,4
1249,25,0.05,0.5,4
1250,25,0.05,0.5,4
1251,25,0.05,0.5,4
1252,25,0.05,0.5,4
1253,25,0.05,0.5,4
1254,25,0.05,0.5,4
1255,25,0.05,0.5,4
1256,25,0.05,0.5,4
1257,25,0.05,0.5,4
1258,25,0.05,0.5,4
1259,25,0.05,0.5,4
1260,25,0.05,0.5,5
1261,25,0.05,0.5,5
1262,25,0.05,0.5,5
1263,25,0.05,0.5,5
1264,25,0.05,0.5,5
1265,25,0.05,0.5,5
1266,25,0.05,0.5,5
1267,25,0.05,0.5,5
1268,25,0.05,0.5,5
1269,25,0.05,0.5,5
1270,25,0.05,0.5,5
1271,25,0.05,0.5,5
1272,25,0.05,0.5,5
1273,25,0.05,0.5,5
1274,25,0.05,0.5,5
1275,25,0.05,0.5,5
1276,25,0.05,0.5,5
1277,25,0.05,0.5,5
1278,25,0.05,0.5,5
1279,25,0.05,0.5,5
1280,50,0,0,2
1281,50,0,0,2
1282,50,0,0,2
1283,50,0,0,2
1284,50,0,0,2
1285,50,0,0,2
1286,50,0,0,2
1287,50,0,0,2
1288,50,0,0,2
1289,50,0,0,2
1290,50,0,0,2
1291,50,0,0,2
1292,50,0,0,2
1293,50,0,0,2
1294,50,0,0,2
1295,50,0,0,2
1296,50,0,0,2
1297,50,0,0,2
1298,50,0,0,2
1299,50,0,0,2
1300,50,0,0,3
1301,50,0,0,3
1302,50,0,0,3
1303,50,0,0,3
1304,50,0,0,3
1305,50,0,0,3
1306,50,0,0,3
1307,50,0,0,3
1308,50,0,0,3
1309,50,0,0,3
1310,50,0,0,3
1311,50,0,0,3
1312,50,0,0,3
1313,50,0,0,3
1314,50,0,0,3
1315,50,0,0,3
1316,50,0,0,3
1317,50,0,0,3
1318,50,0,0,3
1319,50,0,0,3
1320,50,0,0,4
1321,50,0,0,4
1322,50,0,0,4
1323,50,0,0,4
1324,50,0,0,4
1325,50,0,0,4
1326,50,0,0,4
1327,50,0,0,4
1328,50,0,0,4
1329,50,0,0,4
1330,50,0,0,4
1331,50,0,0,4
1332,50,0,0,4
1333,50,0,0,4
1334,50,0,0,4
1335,50,0,0,4
1336,50,0,0,4
1337,50,0,0,4
1338,50,0,0,4
1339,50,0,0,4
1340,50,0,0,5
1341,50,0,0,5
1342,50,0,0,5
1343,50,0,0,5
1344,50,0,0,5
1345,50,0,0,5
1346,50,0,0,5
1347,50,0,0,5
1348,50,0,0,5
1349,50,0,0,5
1350,50,0,0,5
1351,50,0,0,5
1352,50,0,0,5
1353,50,0,0,5
1354,50,0,0,5
1355,50,0,0,5
1356,50,0,0,5
1357,50,0,0,5
1358,50,0,0,5
1359,50,0,0,5
1360,50,0,0.1,2
1361,50,0,0.1,2
1362,50,0,0.1,2
1363,50,0,0.1,2
1364,50,0,0.1,2
1365,50,0,0.1,2
1366,50,0,0.1,2
1367,50,0,0.1,2
1368,50,0,0.1,2
1369,50,0,0.1,2
1370,50,0,0.1,2
1371,50,0,0.1,2
1372,50,0,0.1,2
1373,50,0,0.1,2
1374,50,0,0.1,2
1375,50,0,0.1,2
1376,50,0,0.1,2
1377,50,0,0.1,2
1378,50,0,0.1,2
1379,50,0,0.1,2
1380,50,0,0.1,3
1381,50,0,0.1,3
1382,50,0,0.1,3
1383,50,0,0.1,3
1384,50,0,0.1,3
1385,50,0,0.1,3
1386,50,0,0.1,3
1387,50,0,0.1,3
1388,50,0,0.1,3
1389,50,0,0.1,3
1390,50,0,0.1,3
1391,50,0,0.1,3
1392,50,0,0.1,3
1393,50,0,0.1,3
1394,50,0,0.1,3
1395,50,0,0.1,3
1396,50,0,0.1,3
1397,50,0,0.1,3
1398,50,0,0.1,3
1399,50,0,0.1,3
1400,50,0,0.1,4
1401,50,0,0.1,4
1402,50,0,0.1,4
1403,50,0,0.1,4
1404,50,0,0.1,4
1405,50,0,0.1,4
1406,50,0,0.1,4
1407,50,0,0.1,4
1408,50,0,0.1,4
1409,50,0,0.1,4
1410,50,0,0.1,4
1411,50,0,0.1,4
1412,50,0,0.1,4
1413,50,0,0.1,4
1414,50,0,0.1,4
1415,50,0,0.1,4
1416,50,0,0.1,4
1417,50,0,0.1,4
1418,50,0,0.1,4
1419,50,0,0.1,4
1420,50,0,0.1,5
1421,50,0,0.1,5
1422,50,0,0.1,5
1423,50,0,0.1,5
1424,50,0,0.1,5
1425,50,0,0.1,5
1426,50,0,0.1,5
1427,50,0,0.1,5
1428,50,0,0.1,5
1429,50,0,0.1,5
1430,50,0,0.1,5
1431,50,0,0.1,5
1432,50,0,0.1,5
1433,50,0,0.1,5
1434,50,0,0.1,5
1435,50,0,0.1,5
1436,50,0,0.1,5
1437,50,0,0.1,5
1438,50,0,0.1,5
1439,50,0,0.1,5
1440,50,0,0.3,2
1441,50,0,0.3,2
1442,50,0,0.3,2
1443,50,0,0.3,2
1444,50,0,0.3,2
1445,50,0,0.3,2
1446,50,0,0.3,2
1447,50,0,0.3,2
1448,50,0,0.3,2
1449,50,0,0.3,2
1450,50,0,0.3,2
1451,50,0,0.3,2
1452,50,0,0.3,2
1453,50,0,0.3,2
1454,50,0,0.3,2
1455,50,0,0.3,2
1456,50,0,0.3,2
1457,50,0,0.3,2
1458,50,0,0.3,2
1459,50,0,0.3,2
1460,50,0,0.3,3
1461,50,0,0.3,3
1462,50,0,0.3,3
1463,50,0,0.3,3
1464,50,0,0.3,3
1465,50,0,0.3,3
1466,50,0,0.3,3
1467,50,0,0.3,3
1468,50,0,0.3,3
1469,50,0,0.3,3
1470,50,0,0.3,3
1471,50,0,0.3,3
1472,50,0,0.3,3
1473,50,0,0.3,3
1474,50,0,0.3,3
1475,50,0,0.3,3
1476,50,0,0.3,3
1477,50,0,0.3,3
1478,50,0,0.3,3
1479,50,0,0.3,3
1480,50,0,0.3,4
1481,50,0,0.3,4
1482,50,0,0.3,4
1483,50,0,0.3,4
1484,50,0,0.3,4
1485,50,0,0.3,4
1486,50,0,0.3,4
1487,50,0,0.3,4
1488,50,0,0.3,4
1489,50,0,0.3,4
1490,50,0,0.3,4
1491,50,0,0.3,4
1492,50,0,0.3,4
1493,50,0,0.3,4
1494,50,0,0.3,4
1495,50,0,0.3,4
1496,50,0,0.3,4
1497,50,0,0.3,4
1498,50,0,0.3,4
1499,50,0,0.3,4
1500,50,0,0.3,5
1501,50,0,0.3,5
1502,50,0,0.3,5
1503,50,0,0.3,5
1504,50,0,0.3,5
1505,50,0,0.3,5
1506,50,0,0.3,5
1507,50,0,0.3,5
1508,50,0,0.3,5
1509,50,0,0.3,5
1510,50,0,0.3,5
1511,50,0,0.3,5
1512,50,0,0.3,5
1513,50,0,0.3,5
1514,50,0,0.3,5
1515,50,0,0.3,5
1516,50,0,0.3,5
1517,50,0,0.3,5
1518,50,0,0.3,5
1519,50,0,0.3,5
1520,50,0,0.5,2
1521,50,0,0.5,2
1522,50,0,0.5,2
1523,50,0,0.5,2
1524,50,0,0.5,2
1525,50,0,0.5,2
1526,50,0,0.5,2
1527,50,0,0.5,2
1528,50,0,0.5,2
1529,50,0,0.5,2
1530,50,0,0.5,2
1531,50,0,0.5,2
1532,50,0,0.5,2
1533,50,0,0.5,2
1534,50,0,0.5,2
1535,50,0,0.5,2
1536,50,0,0.5,2
1537,50,0,0.5,2
1538,50,0,0.5,2
1539,50,0,0.5,2
1540,50,0,0.5,3
1541,50,0,0.5,3
1542,50,0,0.5,3
1543,50,0,0.5,3
1544,50,0,0.5,3
1545,50,0,0.5,3
1546,50,0,0.5,3
1547,50,0,0.5,3
1548,50,0,0.5,3
1549,50,0,0.5,3
1550,50,0,0.5,3
1551,50,0,0.5,3
1552,50,0,0.5,3
1553,50,0,0.5,3
1554,50,0,0.5,3
1555,50,0,0.5,3
1556,50,0,0.5,3
1557,50,0,0.5,3
1558,50,0,0.5,3
1559,50,0,0.5,3
1560,50,0,0.5,4
1561,50,0,0.5,4
1562,50,0,0.5,4
1563,50,0,0.5,4
1564,50,0,0.5,4
1565,50,0,0.5,4
1566,50,0,0.5,4
1567,50,0,0.5,4
1568,50,0,0.5,4
1569,50,0,0.5,4
1570,50,0,0.5,4
1571,50,0,0.5,4
1572,50,0,0.5,4
1573,50,0,0.5,4
1574,50,0,0.5,4
1575,50,0,0.5,4
1576,50,0,0.5,4
1577,50,0,0.5,4
1578,50,0,0.5,4
1579,50,0,0.5,4
1580,50,0,0.5,5
1581,50,0,0.5,5
1582,50,0,0.5,5
1583,50,0,0.5,5
1584,50,0,0.5,5
1585,50,0,0.5,5
1586,50,0,0.5,5
1587,50,0,0.5,5
1588,50,0,0.5,5
1589,50,0,0.5,5
1590,50,0,0.5,5
1591,50,0,0.5,5
1592,50,0,0.5,5
1593,50,0,0.5,5
1594,50,0,0.5,5
1595,50,0,0.5,5
1596,50,0,0.5,5
1597,50,0,0.5,5
1598,50,0,0.5,5
1599,50,0,0.5,5
1600,50,0.01,0,2
1601,50,0.01,0,2
1602,50,0.01,0,2
1603,50,0.01,0,2
1604,50,0.01,0,2
1605,50,0.01,0,2
1606,50,0.01,0,2
1607,50,0.01,0,2
1608,50,0.01,0,2
1609,50,0.01,0,2
1610,50,0.01,0,2
1611,50,0.01,0,2
1612,50,0.01,0,2
1613,50,0.01,0,2
1614,50,0.01,0,2
1615,50,0.01,0,2
1616,50,0.01,0,2
1617,50,0.01,0,2
1618,50,0.01,0,2
1619,50,0.01,0,2
1620,50,0.01,0,3
1621,50,0.01,0,3
1622,50,0.01,0,3
1623,50,0.01,0,3
1624,50,0.01,0,3
1625,50,0.01,0,3
1626,50,0.01,0,3
1627,50,0.01,0,3
1628,50,0.01,0,3
1629,50,0.01,0,3
1630,50,0.01,0,3
1631,50,0.01,0,3
1632,50,0.01,0,3
1633,50,0.01,0,3
1634,50,0.01,0,3
1635,50,0.01,0,3
1636,50,0.01,0,3
1637,50,0.01,0,3
1638,50,0.01,0,3
1639,50,0.01,0,3
1640,50,0.01,0,4
1641,50,0.01,0,4
1642,50,0.01,0,4
1643,50,0.01,0,4
1644,50,0.01,0,4
1645,50,0.01,0,4
1646,50,0.01,0,4
1647,50,0.01,0,4
1648,50,0.01,0,4
1649,50,0.01,0,4
1650,50,0.01,0,4
1651,50,0.01,0,4
1652,50,0.01,0,4
1653,50,0.01,0,4
1654,50,0.01,0,4
1655,50,0.01,0,4
1656,50,0.01,0,4
1657,50,0.01,0,4
1658,50,0.01,0,4
1659,50,0.01,0,4
1660,50,0.01,0,5
1661,50,0.01,0,5
1662,50,0.01,0,5
1663,50,0.01,0,5
1664,50,0.01,0,5
1665,50,0.01,0,5
1666,50,0.01,0,5
1667,50,0.01,0,5
1668,50,0.01,0,5
1669,50,0.01,0,5
1670,50,0.01,0,5
1671,50,0.01,0,5
1672,50,0.01,0,5
1673,50,0.01,0,5
1674,50,0.01,0,5
1675,50,0.01,0,5
1676,50,0.01,0,5
1677,50,0.01,0,5
1678,50,0.01,0,5
1679,50,0.01,0,5
1680,50,0.01,0.1,2
1681,50,0.01,0.1,2
1682,50,0.01,0.1,2
1683,50,0.01,0.1,2
1684,50,0.01,0.1,2
1685,50,0.01,0.1,2
1686,50,0.01,0.1,2
1687,50,0.01,0.1,2
1688,50,0.01,0.1,2
1689,50,0.01,0.1,2
1690,50,0.01,0.1,2
1691,50,0.01,0.1,2
1692,50,0.01,0.1,2
1693,50,0.01,0.1,2
1694,50,0.01,0.1,2
1695,50,0.01,0.1,2
1696,50,0.01,0.1,2
1697,50,0.01,0.1,2
1698,50,0.01,0.1,2
1699,50,0.01,0.1,2
1700,50,0.01,0.1,3
1701,50,0.01,0.1,3
1702,50,0.01,0.1,3
1703,50,0.01,0.1,3
1704,50,0.01,0.1,3
1705,50,0.01,0.1,3
1706,50,0.01,0.1,3
1707,50,0.01,0.1,3
1708,50,0.01,0.1,3
1709,50,0.01,0.1,3
1710,50,0.01,0.1,3
1711,50,0.01,0.1,3
1712,50,0.01,0.1,3
1713,50,0.01,0.1,3
1714,50,0.01,0.1,3
1715,50,0.01,0.1,3
1716,50,0.01,0.1,3
1717,50,0.01,0.1,3
1718,50,0.01,0.1,3
1719,50,0.01,0.1,3
1720,50,0.01,0.1,4
1721,50,0.01,0.1,4
1722,50,0.01,0.1,4
1723,50,0.01,0.1,4
1724,50,0.01,0.1,4
1725,50,0.01,0.1,4
1726,50,0.01,0.1,4
1727,50,0.01,0.1,4
1728,50,0.01,0.1,4
1729,50,0.01,0.1,4
1730,50,0.01,0.1,4
1731,50,0.01,0.1,4
1732,50,0.01,0.1,4
1733,50,0.01,0.1,4
1734,50,0.01,0.1,4
1735,50,0.01,0.1,4
1736,50,0.01,0.1,4
1737,50,0.01,0.1,4
1738,50,0.01,0.1,4
1739,50,0.01,0.1,4
1740,50,0.01,0.1,5
1741,50,0.01,0.1,5
1742,50,0.01,0.1,5
1743,50,0.01,0.1,5
1744,50,0.01,0.1,5
1745,50,0.01,0.1,5
1746,50,0.01,0.1,5
1747,50,0.01,0.1,5
1748,50,0.01,0.1,5
1749,50,0.01,0.1,5
1750,50,0.01,0.1,5
1751,50,0.01,0.1,5
1752,50,0.01,0.1,5
1753,50,0.01,0.1,5
1754,50,0.01,0.1,5
1755,50,0.01,0.1,5
1756,50,0.01,0.1,5
1757,50,0.01,0.1,5
1758,50,0.01,0.1,5
1759,50,0.01,0.1,5
1760,50,0.01,0.3,2
1761,50,0.01,0.3,2
1762,50,0.01,0.3,2
1763,50,0.01,0.3,2
1764,50,0.01,0.3,2
1765,50,0.01,0.3,2
1766,50,0.01,0.3,2
1767,50,0.01,0.3,2
1768,50,0.01,0.3,2
1769,50,0.01,0.3,2
1770,50,0.01,0.3,2
1771,50,0.01,0.3,2
1772,50,0.01,0.3,2
1773,50,0.01,0.3,2
1774,50,0.01,0.3,2
1775,50,0.01,0.3,2
1776,50,0.01,0.3,2
1777,50,0.01,0.3,2
1778,50,0.01,0.3,2
1779,50,0.01,0.3,2
1780,50,0.01,0.3,3
1781,50,0.01,0.3,3
1782,50,0.01,0.3,3
1783,50,0.01,0.3,3
1784,50,0.01,0.3,3
1785,50,0.01,0.3,3
1786,50,0.01,0.3,3
1787,50,0.01,0.3,3
1788,50,0.01,0.3,3
1789,50,0.01,0.3,3
1790,50,0.01,0.3,3
1791,50,0.01,0.3,3
1792,50,0.01,0.3,3
1793,50,0.01,0.3,3
1794,50,0.01,0.3,3
1795,50,0.01,0.3,3
1796,50,0.01,0.3,3
1797,50,0.01,0.3,3
1798,50,0.01,0.3,3
1799,50,0.01,0.3,3
1800,50,0.01,0.3,4
1801,50,0.01,0.3,4
1802,50,0.01,0.3,4
1803,50,0.01,0.3,4
1804,50,0.01,0.3,4
1805,50,0.01,0.3,4
1806,50,0.01,0.3,4
1807,50,0.01,0.3,4
1808,50,0.01,0.3,4
1809,50,0.01,0.3,4
1810,50,0.01,0.3,4
1811,50,0.01,0.3,4
1812,50,0.01,0.3,4
1813,50,0.01,0.3,4
1814,50,0.01,0.3,4
1815,50,0.01,0.3,4
1816,50,0.01,0.3,4
1817,50,0.01,0.3,4
1818,50,0.01,0.3,4
1819,50,0.01,0.3,4
1820,50,0.01,0.3,5
1821,50,0.01,0.3,5
1822,50,0.01,0.3,5
1823,50,0.01,0.3,5
1824,50,0.01,0.3,5
1825,50,0.01,0.3,5
1826,50,0.01,0.3,5
1827,50,0.01,0.3,5
1828,50,0.01,0.3,5
1829,50,0.01,0.3,5
1830,50,0.01,0.3,5
1831,50,0.01,0.3,5
1832,50,0.01,0.3,5
1833,50,0.01,0.3,5
1834,50,0.01,0.3,5
1835,50,0.01,0.3,5
1836,50,0.01,0.3,5
1837,50,0.01,0.3,5
1838,50,0.01,0.3,5
1839,50,0.01,0.3,5
1840,50,0.01,0.5,2
1841,50,0.01,0.5,2
1842,50,0.01,0.5,2
1843,50,0.01,0.5,2
1844,50,0.01,0.5,2
1845,50,0.01,0.5,2
1846,50,0.01,0.5,2
1847,50,0.01,0.5,2
1848,50,0.01,0.5,2
1849,50,0.01,0.5,2
1850,50,0.01,0.5,2
1851,50,0.01,0.5,2
1852,50,0.01,0.5,2
1853,50,0.01,0.5,2
1854,50,0.01,0.5,2
1855,50,0.01,0.5,2
1856,50,0.01,0.5,2
1857,50,0.01,0.5,2
1858,50,0.01,0.5,2
1859,50,0.01,0.5,2
1860,50,0.01,0.5,3
1861,50,0.01,0.5,3
1862,50,0.01,0.5,3
1863,50,0.01,0.5,3
1864,50,0.01,0.5,3
1865,50,0.01,0.5,3
1866,50,0.01,0.5,3
1867,50,0.01,0.5,3
1868,50,0.01,0.5,3
1869,50,0.01,0.5,3
1870,50,0.01,0.5,3
1871,50,0.01,0.5,3
1872,50,0.01,0.5,3
1873,50,0.01,0.5,3
1874,50,0.01,0.5,3
1875,50,0.01,0.5,3
1876,50,0.01,0.5,3
1877,50,0.01,0.5,3
1878,50,0.01,0.5,3
1879,50,0.01,0.5,3
1880,50,0.01,0.5,4
1881,50,0.01,0.5,4
1882,50,0.01,0.5,4
1883,50,0.01,0.5,4
1884,50,0.01,0.5,4
1885,50,0.01,0.5,4
1886,50,0.01,0.5,4
1887,50,0.01,0.5,4
1888,50,0.01,0.5,4
1889,50,0.01,0.5,4
1890,50,0.01,0.5,4
1891,50,0.01,0.5,4
1892,50,0.01,0.5,4
1893,50,0.01,0.5,4
1894,50,0.01,0.5,4
1895,50,0.01,0.5,4
1896,50,0.01,0.5,4
1897,50,0.01,0.5,4
1898,50,0.01,0.5,4
1899,50,0.01,0.5,4
1900,50,0.01,0.5,5
1901,50,0.01,0.5,5
1902,50,0.01,0.5,5
1903,50,0.01,0.5,5
1904,50,0.01,0.5,5
1905,50,0.01,0.5,5
1906,50,0.01,0.5,5
1907,50,0.01,0.5,5
1908,50,0.01,0.5,5
1909,50,0.01,0.5,5
1910,50,0.01,0.5,5
1911,50,0.01,0.5,5
1912,50,0.01,0.5,5
1913,50,0.01,0.5,5
1914,50,0.01,0.5,5
1915,50,0.01,0.5,5
1916,50,0.01,0.5,5
1917,50,0.01,0.5,5
1918,50,0.01,0.5,5
1919,50,0.01,0.5,5
1920,50,0.03,0,2
1921,50,0.03,0,2
1922,50,0.03,0,2
1923,50,0.03,0,2
1924,50,0.03,0,2
1925,50,0.03,0,2
1926,50,0.03,0,2
1927,50,0.03,0,2
1928,50,0.03,0,2
1929,50,0.03,0,2
1930,50,0.03,0,2
1931,50,0.03,0,2
1932,50,0.03,0,2
1933,50,0.03,0,2
1934,50,0.03,0,2
1935,50,0.03,0,2
1936,50,0.03,0,2
1937,50,0.03,0,2
1938,50,0.03,0,2
1939,50,0.03,0,2
1940,50,0.03,0,3
1941,50,0.03,0,3
1942,50,0.03,0,3
1943,50,0.03,0,3
1944,50,0.03,0,3
1945,50,0.03,0,3
1946,50,0.03,0,3
1947,50,0.03,0,3
1948,50,0.03,0,3
1949,50,0.03,0,3
1950,50,0.03,0,3
1951,50,0.03,0,3
1952,50,0.03,0,3
1953,50,0.03,0,3
1954,50,0.03,0,3
1955,50,0.03,0,3
1956,50,0.03,0,3
1957,50,0.03,0,3
1958,50,0.03,0,3
1959,50,0.03,0,3
1960,50,0.03,0,4
1961,50,0.03,0,4
1962,50,0.03,0,4
1963,50,0.03,0,4
1964,50,0.03,0,4
1965,50,0.03,0,4
1966,50,0.03,0,4
1967,50,0.03,0,4
1968,50,0.03,0,4
1969,50,0.03,0,4
1970,50,0.03,0,4
1971,50,0.03,0,4
1972,50,0.03,0,4
1973,50,0.03,0,4
1974,50,0.03,0,4
1975,50,0.03,0,4
1976,50,0.03,0,4
1977,50,0.03,0,4
1978,50,0.03,0,4
1979,50,0.03,0,4
1980,50,0.03,0,5
1981,50,0.03,0,5
1982,50,0.03,0,5
1983,50,0.03,0,5
1984,50,0.03,0,5
1985,50,0.03,0,5
1986,50,0.03,0,5
1987,50,0.03,0,5
1988,50,0.03,0,5
1989,50,0.03,0,5
1990,50,0.03,0,5
1991,50,0.03,0,5
1992,50,0.03,0,5
1993,50,0.03,0,5
1994,50,0.03,0,5
1995,50,0.03,0,5
1996,50,0.03,0,5
1997,50,0.03,0,5
1998,50,0.03,0,5
1999,50,0.03,0,5
2000,50,0.03,0.1,2
2001,50,0.03,0.1,2
2002,50,0.03,0.1,2
2003,50,0.03,0.1,2
2004,50,0.03,0.1,2
2005,50,0.03,0.1,2
2006,50,0.03,0.1,2
2007,50,0.03,0.1,2
2008,50,0.03,0.1,2
2009,50,0.03,0.1,2
2010,50,0.03,0.1,2
2011,50,0.03,0.1,2
2012,50,0.03,0.1,2
2013,50,0.03,0.1,2
2014,50,0.03,0.1,2
2015,50,0.03,0.1,2
2016,50,0.03,0.1,2
2017,50,0.03,0.1,2
2018,50,0.03,0.1,2
2019,50,0.03,0.1,2
2020,50,0.03,0.1,3
2021,50,0.03,0.1,3
2022,50,0.03,0.1,3
2023,50,0.03,0.1,3
2024,50,0.03,0.1,3
2025,50,0.03,0.1,3
2026,50,0.03,0.1,3
2027,50,0.03,0.1,3
2028,50,0.03,0.1,3
2029,50,0.03,0.1,3
2030,50,0.03,0.1,3
2031,50,0.03,0.1,3
2032,50,0.03,0.1,3
2033,50,0.03,0.1,3
2034,50,0.03,0.1,3
2035,50,0.03,0.1,3
2036,50,0.03,0.1,3
2037,50,0.03,0.1,3
2038,50,0.03,0.1,3
2039,50,0.03,0.1,3
2040,50,0.03,0.1,4
2041,50,0.03,0.1,4
2042,50,0.03,0.1,4
2043,50,0.03,0.1,4
2044,50,0.03,0.1,4
2045,50,0.03,0.1,4
2046,50,0.03,0.1,4
2047,50,0.03,0.1,4
2048,50,0.03,0.1,4
2049,50,0.03,0.1,4
2050,50,0.03,0.1,4
2051,50,0.03,0.1,4
2052,50,0.03,0.1,4
2053,50,0.03,0.1,4
2054,50,0.03,0.1,4
2055,50,0.03,0.1,4
2056,50,0.03,0.1,4
2057,50,0.03,0.1,4
2058,50,0.03,0.1,4
2059,50,0.03,0.1,4
2060,50,0.03,0.1,5
2061,50,0.03,0.1,5
2062,50,0.03,0.1,5
2063,50,0.03,0.1,5
2064,50,0.03,0.1,5
2065,50,0.03,0.1,5
2066,50,0.03,0.1,5
2067,50,0.03,0.1,5
2068,50,0.03,0.1,5
2069,50,0.03,0.1,5
2070,50,0.03,0.1,5
2071,50,0.03,0.1,5
2072,50,0.03,0.1,5
2073,50,0.03,0.1,5
2074,50,0.03,0.1,5
2075,50,0.03,0.1,5
2076,50,0.03,0.1,5
2077,50,0.03,0.1,5
2078,50,0.03,0.1,5
2079,50,0.03,0.1,5
2080,50,0.03,0.3,2
2081,50,0.03,0.3,2
2082,50,0.03,0.3,2
2083,50,0.03,0.3,2
2084,50,0.03,0.3,2
2085,50,0.03,0.3,2
2086,50,0.03,0.3,2
2087,50,0.03,0.3,2
2088,50,0.03,0.3,2
2089,50,0.03,0.3,2
2090,50,0.03,0.3,2
2091,50,0.03,0.3,2
2092,50,0.03,0.3,2
2093,50,0.03,0.3,2
2094,50,0.03,0.3,2
2095,50,0.03,0.3,2
2096,50,0.03,0.3,2
2097,50,0.03,0.3,2
2098,50,0.03,0.3,2
2099,50,0.03,0.3,2
2100,50,0.03,0.3,3
2101,50,0.03,0.3,3
2102,50,0.03,0.3,3
2103,50,0.03,0.3,3
2104,50,0.03,0.3,3
2105,50,0.03,0.3,3
2106,50,0.03,0.3,3
2107,50,0.03,0.3,3
2108,50,0.03,0.3,3
2109,50,0.03,0.3,3
2110,50,0.03,0.3,3
2111,50,0.03,0.3,3
2112,50,0.03,0.3,3
2113,50,0.03,0.3,3
2114,50,0.03,0.3,3
2115,50,0.03,0.3,3
2116,50,0.03,0.3,3
2117,50,0.03,0.3,3
2118,50,0.03,0.3,3
2119,50,0.03,0.3,3
2120,50,0.03,0.3,4
2121,50,0.03,0.3,4
2122,50,0.03,0.3,4
2123,50,0.03,0.3,4
2124,50,0.03,0.3,4
2125,50,0.03,0.3,4
2126,50,0.03,0.3,4
2127,50,0.03,0.3,4
2128,50,0.03,0.3,4
2129,50,0.03,0.3,4
2130,50,0.03,0.3,4
2131,50,0.03,0.3,4
2132,50,0.03,0.3,4
2133,50,0.03,0.3,4
2134,50,0.03,0.3,4
2135,50,0.03,0.3,4
2136,50,0.03,0.3,4
2137,50,0.03,0.3,4
2138,50,0.03,0.3,4
2139,50,0.03,0.3,4
2140,50,0.03,0.3,5
2141,50,0.03,0.3,5
2142,50,0.03,0.3,5
2143,50,0.03,0.3,5
2144,50,0.03,0.3,5
2145,50,0.03,0.3,5
2146,50,0.03,0.3,5
2147,50,0.03,0.3,5
2148,50,0.03,0.3,5
2149,50,0.03,0.3,5
2150,50,0.03,0.3,5
2151,50,0.03,0.3,5
2152,50,0.03,0.3,5
2153,50,0.03,0.3,5
2154,50,0.03,0.3,5
2155,50,0.03,0.3,5
2156,50,0.03,0.3,5
2157,50,0.03,0.3,5
2158,50,0.03,0.3,5
2159,50,0.03,0.3,5
2160,50,0.03,0.5,2
2161,50,0.03,0.5,2
2162,50,0.03,0.5,2
2163,50,0.03,0.5,2
2164,50,0.03,0.5,2
2165,50,0.03,0.5,2
2166,50,0.03,0.5,2
2167,50,0.03,0.5,2
2168,50,0.03,0.5,2
2169,50,0.03,0.5,2
2170,50,0.03,0.5,2
2171,50,0.03,0.5,2
2172,50,0.03,0.5,2
2173,50,0.03,0.5,2
2174,50,0.03,0.5,2
2175,50,0.03,0.5,2
2176,50,0.03,0.5,2
2177,50,0.03,0.5,2
2178,50,0.03,0.5,2
2179,50,0.03,0.5,2
2180,50,0.03,0.5,3
2181,50,0.03,0.5,3
2182,50,0.03,0.5,3
2183,50,0.03,0.5,3
2184,50,0.03,0.5,3
2185,50,0.03,0.5,3
2186,50,0.03,0.5,3
2187,50,0.03,0.5,3
2188,50,0.03,0.5,3
2189,50,0.03,0.5,3
2190,50,0.03,0.5,3
2191,50,0.03,0.5,3
2192,50,0.03,0.5,3
2193,50,0.03,0.5,3
2194,50,0.03,0.5,3
2195,50,0.03,0.5,3
2196,50,0.03,0.5,3
2197,50,0.03,0.5,3
2198,50,0.03,0.5,3
2199,50,0.03,0.5,3
2200,50,0.03,0.5,4
2201,50,0.03,0.5,4
2202,50,0.03,0.5,4
2203,50,0.03,0.5,4
2204,50,0.03,0.5,4
2205,50,0.03,0.5,4
2206,50,0.03,0.5,4
2207,50,0.03,0.5,4
2208,50,0.03,0.5,4
2209,50,0.03,0.5,4
2210,50,0.03,0.5,4
2211,50,0.03,0.5,4
2212,50,0.03,0.5,4
2213,50,0.03,0.5,4
2214,50,0.03,0.5,4
2215,50,0.03,0.5,4
2216,50,0.03,0.5,4
2217,50,0.03,0.5,4
2218,50,0.03,0.5,4
2219,50,0.03,0.5,4
2220,50,0.03,0.5,5
2221,50,0.03,0.5,5
2222,50,0.03,0.5,5
2223,50,0.03,0.5,5
2224,50,0.03,0.5,5
2225,50,0.03,0.5,5
2226,50,0.03,0.5,5
2227,50,0.03,0.5,5
2228,50,0.03,0.5,5
2229,50,0.03,0.5,5
2230,50,0.03,0.5,5
2231,50,0.03,0.5,5
2232,50,0.03,0.5,5
2233,50,0.03,0.5,5
2234,50,0.03,0.5,5
2235,50,0.03,0.5,5
2236,50,0.03,0.5,5
2237,50,0.03,0.5,5
2238,50,0.03,0.5,5
2239,50,0.03,0.5,5
2240,50,0.05,0,2
2241,50,0.05,0,2
2242,50,0.05,0,2
2243,50,0.05,0,2
2244,50,0.05,0,2
2245,50,0.05,0,2
2246,50,0.05,0,2
2247,50,0.05,0,2
2248,50,0.05,0,2
2249,50,0.05,0,2
2250,50,0.05,0,2
2251,50,0.05,0,2
2252,50,0.05,0,2
2253,50,0.05,0,2
2254,50,0.05,0,2
2255,50,0.05,0,2
2256,50,0.05,0,2
2257,50,0.05,0,2
2258,50,0.05,0,2
2259,50,0.05,0,2
2260,50,0.05,0,3
2261,50,0.05,0,3
2262,50,0.05,0,3
2263,50,0.05,0,3
2264,50,0.05,0,3
2265,50,0.05,0,3
2266,50,0.05,0,3
2267,50,0.05,0,3
2268,50,0.05,0,3
2269,50,0.05,0,3
2270,50,0.05,0,3
2271,50,0.05,0,3
2272,50,0.05,0,3
2273,50,0.05,0,3
2274,50,0.05,0,3
2275,50,0.05,0,3
2276,50,0.05,0,3
2277,50,0.05,0,3
2278,50,0.05,0,3
2279,50,0.05,0,3
2280,50,0.05,0,4
2281,50,0.05,0,4
2282,50,0.05,0,4
2283,50,0.05,0,4
2284,50,0.05,0,4
2285,50,0.05,0,4
2286,50,0.05,0,4
2287,50,0.05,0,4
2288,50,0.05,0,4
2289,50,0.05,0,4
2290,50,0.05,0,4
2291,50,0.05,0,4
2292,50,0.05,0,4
2293,50,0.05,0,4
2294,50,0.05,0,4
2295,50,0.05,0,4
2296,50,0.05,0,4
2297,50,0.05,0,4
2298,50,0.05,0,4
2299,50,0.05,0,4
2300,50,0.05,0,5
2301,50,0.05,0,5
2302,50,0.05,0,5
2303,50,0.05,0,5
2304,50,0.05,0,5
2305,50,0.05,0,5
2306,50,0.05,0,5
2307,50,0.05,0,5
2308,50,0.05,0,5
2309,50,0.05,0,5
2310,50,0.05,0,5
2311,50,0.05,0,5
2312,50,0.05,0,5
2313,50,0.05,0,5
2314,50,0.05,0,5
2315,50,0.05,0,5
2316,50,0.05,0,5
2317,50,0.05,0,5
2318,50,0.05,0,5
2319,50,0.05,0,5
2320,50,0.05,0.1,2
2321,50,0.05,0.1,2
2322,50,0.05,0.1,2
2323,50,0.05,0.1,2
2324,50,0.05,0.1,2
2325,50,0.05,0.1,2
2326,50,0.05,0.1,2
2327,50,0.05,0.1,2
2328,50,0.05,0.1,2
2329,50,0.05,0.1,2
2330,50,0.05,0.1,2
2331,50,0.05,0.1,2
2332,50,0.05,0.1,2
2333,50,0.05,0.1,2
2334,50,0.05,0.1,2
2335,50,0.05,0.1,2
2336,50,0.05,0.1,2
2337,50,0.05,0.1,2
2338,50,0.05,0.1,2
2339,50,0.05,0.1,2
2340,50,0.05,0.1,3
2341,50,0.05,0.1,3
2342,50,0.05,0.1,3
2343,50,0.05,0.1,3
2344,50,0.05,0.1,3
2345,50,0.05,0.1,3
2346,50,0.05,0.1,3
2347,50,0.05,0.1,3
2348,50,0.05,0.1,3
2349,50,0.05,0.1,3
2350,50,0.05,0.1,3
2351,50,0.05,0.1,3
2352,50,0.05,0.1,3
2353,50,0.05,0.1,3
2354,50,0.05,0.1,3
2355,50,0.05,0.1,3
2356,50,0.05,0.1,3
2357,50,0.05,0.1,3
2358,50,0.05,0.1,3
2359,50,0.05,0.1,3
2360,50,0.05,0.1,4
2361,50,0.05,0.1,4
2362,50,0.05,0.1,4
2363,50,0.05,0.1,4
2364,50,0.05,0.1,4
2365,50,0.05,0.1,4
2366,50,0.05,0.1,4
2367,50,0.05,0.1,4
2368,50,0.05,0.1,4
2369,50,0.05,0.1,4
2370,50,0.05,0.1,4
2371,50,0.05,0.1,4
2372,50,0.05,0.1,4
2373,50,0.05,0.1,4
2374,50,0.05,0.1,4
2375,50,0.05,0.1,4
2376,50,0.05,0.1,4
2377,50,0.05,0.1,4
2378,50,0.05,0.1,4
2379,50,0.05,0.1,4
2380,50,0.05,0.1,5
2381,50,0.05,0.1,5
2382,50,0.05,0.1,5
2383,50,0.05,0.1,5
2384,50,0.05,0.1,5
2385,50,0.05,0.1,5
2386,50,0.05,0.1,5
2387,50,0.05,0.1,5
2388,50,0.05,0.1,5
2389,50,0.05,0.1,5
2390,50,0.05,0.1,5
2391,50,0.05,0.1,5
2392,50,0.05,0.1,5
2393,50,0.05,0.1,5
2394,50,0.05,0.1,5
2395,50,0.05,0.1,5
2396,50,0.05,0.1,5
2397,50,0.05,0.1,5
2398,50,0.05,0.1,5
2399,50,0.05,0.1,5
2400,50,0.05,0.3,2
2401,50,0.05,0.3,2
2402,50,0.05,0.3,2
2403,50,0.05,0.3,2
2404,50,0.05,0.3,2
2405,50,0.05,0.3,2
2406,50,0.05,0.3,2
2407,50,0.05,0.3,2
2408,50,0.05,0.3,2
2409,50,0.05,0.3,2
2410,50,0.05,0.3,2
2411,50,0.05,0.3,2
2412,50,0.05,0.3,2
2413,50,0.05,0.3,2
2414,50,0.05,0.3,2
2415,50,0.05,0.3,2
2416,50,0.05,0.3,2
2417,50,0.05,0.3,2
2418,50,0.05,0.3,2
2419,50,0.05,0.3,2
2420,50,0.05,0.3,3
2421,50,0.05,0.3,3
2422,50,0.05,0.3,3
2423,50,0.05,0.3,3
2424,50,0.05,0.3,3
2425,50,0.05,0.3,3
2426,50,0.05,0.3,3
2427,50,0.05,0.3,3
2428,50,0.05,0.3,3
2429,50,0.05,0.3,3
2430,50,0.05,0.3,3
2431,50,0.05,0.3,3
2432,50,0.05,0.3,3
2433,50,0.05,0.3,3
2434,50,0.05,0.3,3
2435,50,0.05,0.3,3
2436,50,0.05,0.3,3
2437,50,0.05,0.3,3
2438,50,0.05,0.3,3
2439,50,0.05,0.3,3
2440,50,0.05,0.3,4
2441,50,0.05,0.3,4
2442,50,0.05,0.3,4
2443,50,0.05,0.3,4
2444,50,0.05,0.3,4
2445,50,0.05,0.3,4
2446,50,0.05,0.3,4
2447,50,0.05,0.3,4
2448,50,0.05,0.3,4
2449,50,0.05,0.3,4
2450,50,0.05,0.3,4
2451,50,0.05,0.3,4
2452,50,0.05,0.3,4
2453,50,0.05,0.3,4
2454,50,0.05,0.3,4
2455,50,0.05,0.3,4
2456,50,0.05,0.3,4
2457,50,0.05,0.3,4
2458,50,0.05,0.3,4
2459,50,0.05,0.3,4
2460,50,0.05,0.3,5
2461,50,0.05,0.3,5
2462,50,0.05,0.3,5
2463,50,0.05,0.3,5
2464,50,0.05,0.3,5
2465,50,0.05,0.3,5
2466,50,0.05,0.3,5
2467,50,0.05,0.3,5
2468,50,0.05,0.3,5
2469,50,0.05,0.3,5
2470,50,0.05,0.3,5
2471,50,0.05,0.3,5
2472,50,0.05,0.3,5
2473,50,0.05,0.3,5
2474,50,0.05,0.3,5
2475,50,0.05,0.3,5
2476,50,0.05,0.3,5
2477,50,0.05,0.3,5
2478,50,0.05,0.3,5
2479,50,0.05,0.3,5
2480,50,0.05,0.5,2
2481,50,0.05,0.5,2
2482,50,0.05,0.5,2
2483,50,0.05,0.5,2
2484,50,0.05,0.5,2
2485,50,0.05,0.5,2
2486,50,0.05,0.5,2
2487,50,0.05,0.5,2
2488,50,0.05,0.5,2
2489,50,0.05,0.5,2
2490,50,0.05,0.5,2
2491,50,0.05,0.5,2
2492,50,0.05,0.5,2
2493,50,0.05,0.5,2
2494,50,0.05,0.5,2
2495,50,0.05,0.5,2
2496,50,0.05,0.5,2
2497,50,0.05,0.5,2
2498,50,0.05,0.5,2
2499,50,0.05,0.5,2
2500,50,0.05,0.5,3
2501,50,0.05,0.5,3
2502,50,0.05,0.5,3
2503,50,0.05,0.5,3
2504,50,0.05,0.5,3
2505,50,0.05,0.5,3
2506,50,0.05,0.5,3
2507,50,0.05,0.5,3
2508,50,0.05,0.5,3
2509,50,0.05,0.5,3
2510,50,0.05,0.5,3
2511,50,0.05,0.5,3
2512,50,0.05,0.5,3
2513,50,0.05,0.5,3
2514,50,0.05,0.5,3
2515,50,0.05,0.5,3
2516,50,0.05,0.5,3
2517,50,0.05,0.5,3
2518,50,0.05,0.5,3
2519,50,0.05,0.5,3
2520,50,0.05,0.5,4
2521,50,0.05,0.5,4
2522,50,0.05,0.5,4
2523,50,0.05,0.5,4
2524,50,0.05,0.5,4
2525,50,0.05,0.5,4
2526,50,0.05,0.5,4
2527,50,0.05,0.5,4
2528,50,0.05,0.5,4
2529,50,0.05,0.5,4
2530,50,0.05,0.5,4
2531,50,0.05,0.5,4
2532,50,0.05,0.5,4
2533,50,0.05,0.5,4
2534,50,0.05,0.5,4
2535,50,0.05,0.5,4
2536,50,0.05,0.5,4
2537,50,0.05,0.5,4
2538,50,0.05,0.5,4
2539,50,0.05,0.5,4
2540,50,0.05,0.5,5
2541,50,0.05,0.5,5
2542,50,0.05,0.5,5
2543,50,0.05,0.5,5
2544,50,0.05,0.5,5
2545,50,0.05,0.5,5
2546,50,0.05,0.5,5
2547,50,0.05,0.5,5
2548,50,0.05,0.5,5
2549,50,0.05,0.5,5
2550,50,0.05,0.5,5
2551,50,0.05,0.5,5
2552,50,0.05,0.5,5
2553,50,0.05,0.5,5
2554,50,0.05,0.5,5
2555,50,0.05,0.5,5
2556,50,0.05,0.5,5
2557,50,0.05,0.5,5
2558,50,0.05,0.5,5
2559,50,0.05,0.5,5
2560,75,0,0,2
2561,75,0,0,2
2562,75,0,0,2
2563,75,0,0,2
2564,75,0,0,2
2565,75,0,0,2
2566,75,0,0,2
2567,75,0,0,2
2568,75,0,0,2
2569,75,0,0,2
2570,75,0,0,2
2571,75,0,0,2
2572,75,0,0,2
2573,75,0,0,2
2574,75,0,0,2
2575,75,0,0,2
2576,75,0,0,2
2577,75,0,0,2
2578,75,0,0,2
2579,75,0,0,2
2580,75,0,0,3
2581,75,0,0,3
2582,75,0,0,3
2583,75,0,0,3
2584,75,0,0,3
2585,75,0,0,3
2586,75,0,0,3
2587,75,0,0,3
2588,75,0,0,3
2589,75,0,0,3
2590,75,0,0,3
2591,75,0,0,3
2592,75,0,0,3
2593,75,0,0,3
2594,75,0,0,3
2595,75,0,0,3
2596,75,0,0,3
2597,75,0,0,3
2598,75,0,0,3
2599,75,0,0,3
2600,75,0,0,4
2601,75,0,0,4
2602,75,0,0,4
2603,75,0,0,4
2604,75,0,0,4
2605,75,0,0,4
2606,75,0,0,4
2607,75,0,0,4
2608,75,0,0,4
2609,75,0,0,4
2610,75,0,0,4
2611,75,0,0,4
2612,75,0,0,4
2613,75,0,0,4
2614,75,0,0,4
2615,75,0,0,4
2616,75,0,0,4
2617,75,0,0,4
2618,75,0,0,4
2619,75,0,0,4
2620,75,0,0,5
2621,75,0,0,5
2622,75,0,0,5
2623,75,0,0,5
2624,75,0,0,5
2625,75,0,0,5
2626,75,0,0,5
2627,75,0,0,5
2628,75,0,0,5
2629,75,0,0,5
2630,75,0,0,5
2631,75,0,0,5
2632,75,0,0,5
2633,75,0,0,5
2634,75,0,0,5
2635,75,0,0,5
2636,75,0,0,5
2637,75,0,0,5
2638,75,0,0,5
2639,75,0,0,5
2640,75,0,0.1,2
2641,75,0,0.1,2
2642,75,0,0.1,2
2643,75,0,0.1,2
2644,75,0,0.1,2
2645,75,0,0.1,2
2646,75,0,0.1,2
2647,75,0,0.1,2
2648,75,0,0.1,2
2649,75,0,0.1,2
2650,75,0,0.1,2
2651,75,0,0.1,2
2652,75,0,0.1,2
2653,75,0,0.1,2
2654,75,0,0.1,2
2655,75,0,0.1,2
2656,75,0,0.1,2
2657,75,0,0.1,2
2658,75,0,0.1,2
2659,75,0,0.1,2
2660,75,0,0.1,3
2661,75,0,0.1,3
2662,75,0,0.1,3
2663,75,0,0.1,3
2664,75,0,0.1,3
2665,75,0,0.1,3
2666,75,0,0.1,3
2667,75,0,0.1,3
2668,75,0,0.1,3
2669,75,0,0.1,3
2670,75,0,0.1,3
2671,75,0,0.1,3
2672,75,0,0.1,3
2673,75,0,0.1,3
2674,75,0,0.1,3
2675,75,0,0.1,3
2676,75,0,0.1,3
2677,75,0,0.1,3
2678,75,0,0.1,3
2679,75,0,0.1,3
2680,75,0,0.1,4
2681,75,0,0.1,4
2682,75,0,0.1,4
2683,75,0,0.1,4
2684,75,0,0.1,4
2685,75,0,0.1,4
2686,75,0,0.1,4
2687,75,0,0.1,4
2688,75,0,0.1,4
2689,75,0,0.1,4
2690,75,0,0.1,4
2691,75,0,0.1,4
2692,75,0,0.1,4
2693,75,0,0.1,4
2694,75,0,0.1,4
2695,75,0,0.1,4
2696,75,0,0.1,4
2697,75,0,0.1,4
2698,75,0,0.1,4
2699,75,0,0.1,4
2700,75,0,0.1,5
2701,75,0,0.1,5
2702,75,0,0.1,5
2703,75,0,0.1,5
2704,75,0,0.1,5
2705,75,0,0.1,5
2706,75,0,0.1,5
2707,75,0,0.1,5
2708,75,0,0.1,5
2709,75,0,0.1,5
2710,75,0,0.1,5
2711,75,0,0.1,5
2712,75,0,0.1,5
2713,75,0,0.1,5
2714,75,0,0.1,5
2715,75,0,0.1,5
2716,75,0,0.1,5
2717,75,0,0.1,5
2718,75,0,0.1,5
2719,75,0,0.1,5
2720,75,0,0.3,2
2721,75,0,0.3,2
2722,75,0,0.3,2
2723,75,0,0.3,2
2724,75,0,0.3,2
2725,75,0,0.3,2
2726,75,0,0.3,2
2727,75,0,0.3,2
2728,75,0,0.3,2
2729,75,0,0.3,2
2730,75,0,0.3,2
2731,75,0,0.3,2
2732,75,0,0.3,2
2733,75,0,0.3,2
2734,75,0,0.3,2
2735,75,0,0.3,2
2736,75,0,0.3,2
2737,75,0,0.3,2
2738,75,0,0.3,2
2739,75,0,0.3,2
2740,75,0,0.3,3
2741,75,0,0.3,3
2742,75,0,0.3,3
2743,75,0,0.3,3
2744,75,0,0.3,3
2745,75,0,0.3,3
2746,75,0,0.3,3
2747,75,0,0.3,3
2748,75,0,0.3,3
2749,75,0,0.3,3
2750,75,0,0.3,3
2751,75,0,0.3,3
2752,75,0,0.3,3
2753,75,0,0.3,3
2754,75,0,0.3,3
2755,75,0,0.3,3
2756,75,0,0.3,3
2757,75,0,0.3,3
2758,75,0,0.3,3
2759,75,0,0.3,3
2760,75,0,0.3,4
2761,75,0,0.3,4
2762,75,0,0.3,4
2763,75,0,0.3,4
2764,75,0,0.3,4
2765,75,0,0.3,4
2766,75,0,0.3,4
2767,75,0,0.3,4
2768,75,0,0.3,4
2769,75,0,0.3,4
2770,75,0,0.3,4
2771,75,0,0.3,4
2772,75,0,0.3,4
2773,75,0,0.3,4
2774,75,0,0.3,4
2775,75,0,0.3,4
2776,75,0,0.3,4
2777,75,0,0.3,4
2778,75,0,0.3,4
2779,75,0,0.3,4
2780,75,0,0.3,5
2781,75,0,0.3,5
2782,75,0,0.3,5
2783,75,0,0.3,5
2784,75,0,0.3,5
2785,75,0,0.3,5
2786,75,0,0.3,5
2787,75,0,0.3,5
2788,75,0,0.3,5
2789,75,0,0.3,5
2790,75,0,0.3,5
2791,75,0,0.3,5
2792,75,0,0.3,5
2793,75,0,0.3,5
2794,75,0,0.3,5
2795,75,0,0.3,5
2796,75,0,0.3,5
2797,75,0,0.3,5
2798,75,0,0.3,5
2799,75,0,0.3,5
2800,75,0,0.5,2
2801,75,0,0.5,2
2802,75,0,0.5,2
2803,75,0,0.5,2
2804,75,0,0.5,2
2805,75,0,0.5,2
2806,75,0,0.5,2
2807,75,0,0.5,2
2808,75,0,0.5,2
2809,75,0,0.5,2
2810,75,0,0.5,2
2811,75,0,0.5,2
2812,75,0,0.5,2
2813,75,0,0.5,2
2814,75,0,0.5,2
2815,75,0,0.5,2
2816,75,0,0.5,2
2817,75,0,0.5,2
2818,75,0,0.5,2
2819,75,0,0.5,2
2820,75,0,0.5,3
2821,75,0,0.5,3
2822,75,0,0.5,3
2823,75,0,0.5,3
2824,75,0,0.5,3
2825,75,0,0.5,3
2826,75,0,0.5,3
2827,75,0,0.5,3
2828,75,0,0.5,3
2829,75,0,0.5,3
2830,75,0,0.5,3
2831,75,0,0.5,3
2832,75,0,0.5,3
2833,75,0,0.5,3
2834,75,0,0.5,3
2835,75,0,0.5,3
2836,75,0,0.5,3
2837,75,0,0.5,3
2838,75,0,0.5,3
2839,75,0,0.5,3
2840,75,0,0.5,4
2841,75,0,0.5,4
2842,75,0,0.5,4
2843,75,0,0.5,4
2844,75,0,0.5,4
2845,75,0,0.5,4
2846,75,0,0.5,4
2847,75,0,0.5,4
2848,75,0,0.5,4
2849,75,0,0.5,4
2850,75,0,0.5,4
2851,75,0,0.5,4
2852,75,0,0.5,4
2853,75,0,0.5,4
2854,75,0,0.5,4
2855,75,0,0.5,4
2856,75,0,0.5,4
2857,75,0,0.5,4
2858,75,0,0.5,4
2859,75,0,0.5,4
2860,75,0,0.5,5
2861,75,0,0.5,5
2862,75,0,0.5,5
2863,75,0,0.5,5
2864,75,0,0.5,5
2865,75,0,0.5,5
2866,75,0,0.5,5
2867,75,0,0.5,5
2868,75,0,0.5,5
2869,75,0,0.5,5
2870,75,0,0.5,5
2871,75,0,0.5,5
2872,75,0,0.5,5
2873,75,0,0.5,5
2874,75,0,0.5,5
2875,75,0,0.5,5
2876,75,0,0.5,5
2877,75,0,0.5,5
2878,75,0,0.5,5
2879,75,0,0.5,5
2880,75,0.01,0,2
2881,75,0.01,0,2
2882,75,0.01,0,2
2883,75,0.01,0,2
2884,75,0.01,0,2
2885,75,0.01,0,2
2886,75,0.01,0,2
2887,75,0.01,0,2
2888,75,0.01,0,2
2889,75,0.01,0,2
2890,75,0.01,0,2
2891,75,0.01,0,2
2892,75,0.01,0,2
2893,75,0.01,0,2
2894,75,0.01,0,2
2895,75,0.01,0,2
2896,75,0.01,0,2
2897,75,0.01,0,2
2898,75,0.01,0,2
2899,75,0.01,0,2
2900,75,0.01,0,3
2901,75,0.01,0,3
2902,75,0.01,0,3
2903,75,0.01,0,3
2904,75,0.01,0,3
2905,75,0.01,0,3
2906,75,0.01,0,3
2907,75,0.01,0,3
2908,75,0.01,0,3
2909,75,0.01,0,3
2910,75,0.01,0,3
2911,75,0.01,0,3
2912,75,0.01,0,3
2913,75,0.01,0,3
2914,75,0.01,0,3
2915,75,0.01,0,3
2916,75,0.01,0,3
2917,75,0.01,0,3
2918,75,0.01,0,3
2919,75,0.01,0,3
2920,75,0.01,0,4
2921,75,0.01,0,4
2922,75,0.01,0,4
2923,75,0.01,0,4
2924,75,0.01,0,4
2925,75,0.01,0,4
2926,75,0.01,0,4
2927,75,0.01,0,4
2928,75,0.01,0,4
2929,75,0.01,0,4
2930,75,0.01,0,4
2931,75,0.01,0,4
2932,75,0.01,0,4
2933,75,0.01,0,4
2934,75,0.01,0,4
2935,75,0.01,0,4
2936,75,0.01,0,4
2937,75,0.01,0,4
2938,75,0.01,0,4
2939,75,0.01,0,4
2940,75,0.01,0,5
2941,75,0.01,0,5
2942,75,0.01,0,5
2943,75,0.01,0,5
2944,75,0.01,0,5
2945,75,0.01,0,5
2946,75,0.01,0,5
2947,75,0.01,0,5
2948,75,0.01,0,5
2949,75,0.01,0,5
2950,75,0.01,0,5
2951,75,0.01,0,5
2952,75,0.01,0,5
2953,75,0.01,0,5
2954,75,0.01,0,5
2955,75,0.01,0,5
2956,75,0.01,0,5
2957,75,0.01,0,5
2958,75,0.01,0,5
2959,75,0.01,0,5
2960,75,0.01,0.1,2
2961,75,0.01,0.1,2
2962,75,0.01,0.1,2
2963,75,0.01,0.1,2
2964,75,0.01,0.1,2
2965,75,0.01,0.1,2
2966,75,0.01,0.1,2
2967,75,0.01,0.1,2
2968,75,0.01,0.1,2
2969,75,0.01,0.1,2
2970,75,0.01,0.1,2
2971,75,0.01,0.1,2
2972,75,0.01,0.1,2
2973,75,0.01,0.1,2
2974,75,0.01,0.1,2
2975,75,0.01,0.1,2
2976,75,0.01,0.1,2
2977,75,0.01,0.1,2
2978,75,0.01,0.1,2
2979,75,0.01,0.1,2
2980,75,0.01,0.1,3
2981,75,0.01,0.1,3
2982,75,0.01,0.1,3
2983,75,0.01,0.1,3
2984,75,0.01,0.1,3
2985,75,0.01,0.1,3
2986,75,0.01,0.1,3
2987,75,0.01,0.1,3
2988,75,0.01,0.1,3
2989,75,0.01,0.1,3
2990,75,0.01,0.1,3
2991,75,0.01,0.1,3
2992,75,0.01,0.1,3
2993,75,0.01,0.1,3
2994,75,0.01,0.1,3
2995,75,0.01,0.1,3
2996,75,0.01,0.1,3
2997,75,0.01,0.1,3
2998,75,0.01,0.1,3
2999,75,0.01,0.1,3
3000,75,0.01,0.1,4
3001,75,0.01,0.1,4
3002,75,0.01,0.1,4
3003,75,0.01,0.1,4
3004,75,0.01,0.1,4
3005,75,0.01,0.1,4
3006,75,0.01,0.1,4
3007,75,0.01,0.1,4
3008,75,0.01,0.1,4
3009,75,0.01,0.1,4
3010,75,0.01,0.1,4
3011,75,0.01,0.1,4
3012,75,0.01,0.1,4
3013,75,0.01,0.1,4
3014,75,0.01,0.1,4
3015,75,0.01,0.1,4
3016,75,0.01,0.1,4
3017,75,0.01,0.1,4
3018,75,0.01,0.1,4
3019,75,0.01,0.1,4
3020,75,0.01,0.1,5
3021,75,0.01,0.1,5
3022,75,0.01,0.1,5
3023,75,0.01,0.1,5
3024,75,0.01,0.1,5
3025,75,0.01,0.1,5
3026,75,0.01,0.1,5
3027,75,0.01,0.1,5
3028,75,0.01,0.1,5
3029,75,0.01,0.1,5
3030,75,0.01,0.1,5
3031,75,0.01,0.1,5
3032,75,0.01,0.1,5
3033,75,0.01,0.1,5
3034,75,0.01,0.1,5
3035,75,0.01,0.1,5
3036,75,0.01,0.1,5
3037,75,0.01,0.1,5
3038,75,0.01,0.1,5
3039,75,0.01,0.1,5
3040,75,0.01,0.3,2
3041,75,0.01,0.3,2
3042,75,0.01,0.3,2
3043,75,0.01,0.3,2
3044,75,0.01,0.3,2
3045,75,0.01,0.3,2
3046,75,0.01,0.3,2
3047,75,0.01,0.3,2
3048,75,0.01,0.3,2
3049,75,0.01,0.3,2
3050,75,0.01,0.3,2
3051,75,0.01,0.3,2
3052,75,0.01,0.3,2
3053,75,0.01,0.3,2
3054,75,0.01,0.3,2
3055,75,0.01,0.3,2
3056,75,0.01,0.3,2
3057,75,0.01,0.3,2
3058,75,0.01,0.3,2
3059,75,0.01,0.3,2
3060,75,0.01,0.3,3
3061,75,0.01,0.3,3
3062,75,0.01,0.3,3
3063,75,0.01,0.3,3
3064,75,0.01,0.3,3
3065,75,0.01,0.3,3
3066,75,0.01,0.3,3
3067,75,0.01,0.3,3
3068,75,0.01,0.3,3
3069,75,0.01,0.3,3
3070,75,0.01,0.3,3
3071,75,0.01,0.3,3
3072,75,0.01,0.3,3
3073,75,0.01,0.3,3
3074,75,0.01,0.3,3
3075,75,0.01,0.3,3
3076,75,0.01,0.3,3
3077,75,0.01,0.3,3
3078,75,0.01,0.3,3
3079,75,0.01,0.3,3
3080,75,0.01,0.3,4
3081,75,0.01,0.3,4
3082,75,0.01,0.3,4
3083,75,0.01,0.3,4
3084,75,0.01,0.3,4
3085,75,0.01,0.3,4
3086,75,0.01,0.3,4
3087,75,0.01,0.3,4
3088,75,0.01,0.3,4
3089,75,0.01,0.3,4
3090,75,0.01,0.3,4
3091,75,0.01,0.3,4
3092,75,0.01,0.3,4
3093,75,0.01,0.3,4
3094,75,0.01,0.3,4
3095,75,0.01,0.3,4
3096,75,0.01,0.3,4
3097,75,0.01,0.3,4
3098,75,0.01,0.3,4
3099,75,0.01,0.3,4
3100,75,0.01,0.3,5
3101,75,0.01,0.3,5
3102,75,0.01,0.3,5
3103,75,0.01,0.3,5
3104,75,0.01,0.3,5
3105,75,0.01,0.3,5
3106,75,0.01,0.3,5
3107,75,0.01,0.3,5
3108,75,0.01,0.3,5
3109,75,0.01,0.3,5
3110,75,0.01,0.3,5
3111,75,0.01,0.3,5
3112,75,0.01,0.3,5
3113,75,0.01,0.3,5
3114,75,0.01,0.3,5
3115,75,0.01,0.3,5
3116,75,0.01,0.3,5
3117,75,0.01,0.3,5
3118,75,0.01,0.3,5
3119,75,0.01,0.3,5
3120,75,0.01,0.5,2
3121,75,0.01,0.5,2
3122,75,0.01,0.5,2
3123,75,0.01,0.5,2
3124,75,0.01,0.5,2
3125,75,0.01,0.5,2
3126,75,0.01,0.5,2
3127,75,0.01,0.5,2
3128,75,0.01,0.5,2
3129,75,0.01,0.5,2
3130,75,0.01,0.5,2
3131,75,0.01,0.5,2
3132,75,0.01,0.5,2
3133,75,0.01,0.5,2
3134,75,0.01,0.5,2
3135,75,0.01,0.5,2
3136,75,0.01,0.5,2
3137,75,0.01,0.5,2
3138,75,0.01,0.5,2
3139,75,0.01,0.5,2
3140,75,0.01,0.5,3
3141,75,0.01,0.5,3
3142,75,0.01,0.5,3
3143,75,0.01,0.5,3
3144,75,0.01,0.5,3
3145,75,0.01,0.5,3
3146,75,0.01,0.5,3
3147,75,0.01,0.5,3
3148,75,0.01,0.5,3
3149,75,0.01,0.5,3
3150,75,0.01,0.5,3
3151,75,0.01,0.5,3
3152,75,0.01,0.5,3
3153,75,0.01,0.5,3
3154,75,0.01,0.5,3
3155,75,0.01,0.5,3
3156,75,0.01,0.5,3
3157,75,0.01,0.5,3
3158,75,0.01,0.5,3
3159,75,0.01,0.5,3
3160,75,0.01,0.5,4
3161,75,0.01,0.5,4
3162,75,0.01,0.5,4
3163,75,0.01,0.5,4
3164,75,0.01,0.5,4
3165,75,0.01,0.5,4
3166,75,0.01,0.5,4
3167,75,0.01,0.5,4
3168,75,0.01,0.5,4
3169,75,0.01,0.5,4
3170,75,0.01,0.5,4
3171,75,0.01,0.5,4
3172,75,0.01,0.5,4
3173,75,0.01,0.5,4
3174,75,0.01,0.5,4
3175,75,0.01,0.5,4
3176,75,0.01,0.5,4
3177,75,0.01,0.5,4
3178,75,0.01,0.5,4
3179,75,0.01,0.5,4
3180,75,0.01,0.5,5
3181,75,0.01,0.5,5
3182,75,0.01,0.5,5
3183,75,0.01,0.5,5
3184,75,0.01,0.5,5
3185,75,0.01,0.5,5
3186,75,0.01,0.5,5
3187,75,0.01,0.5,5
3188,75,0.01,0.5,5
3189,75,0.01,0.5,5
3190,75,0.01,0.5,5
3191,75,0.01,0.5,5
3192,75,0.01,0.5,5
3193,75,0.01,0.5,5
3194,75,0.01,0.5,5
3195,75,0.01,0.5,5
3196,75,0.01,0.5,5
3197,75,0.01,0.5,5
3198,75,0.01,0.5,5
3199,75,0.01,0.5,5
3200,75,0.03,0,2
3201,75,0.03,0,2
3202,75,0.03,0,2
3203,75,0.03,0,2
3204,75,0.03,0,2
3205,75,0.03,0,2
3206,75,0.03,0,2
3207,75,0.03,0,2
3208,75,0.03,0,2
3209,75,0.03,0,2
3210,75,0.03,0,2
3211,75,0.03,0,2
3212,75,0.03,0,2
3213,75,0.03,0,2
3214,75,0.03,0,2
3215,75,0.03,0,2
3216,75,0.03,0,2
3217,75,0.03,0,2
3218,75,0.03,0,2
3219,75,0.03,0,2
3220,75,0.03,0,3
3221,75,0.03,0,3
3222,75,0.03,0,3
3223,75,0.03,0,3
3224,75,0.03,0,3
3225,75,0.03,0,3
3226,75,0.03,0,3
3227,75,0.03,0,3
3228,75,0.03,0,3
3229,75,0.03,0,3
3230,75,0.03,0,3
3231,75,0.03,0,3
3232,75,0.03,0,3
3233,75,0.03,0,3
3234,75,0.03,0,3
3235,75,0.03,0,3
3236,75,0.03,0,3
3237,75,0.03,0,3
3238,75,0.03,0,3
3239,75,0.03,0,3
3240,75,0.03,0,4
3241,75,0.03,0,4
3242,75,0.03,0,4
3243,75,0.03,0,4
3244,75,0.03,0,4
3245,75,0.03,0,4
3246,75,0.03,0,4
3247,75,0.03,0,4
3248,75,0.03,0,4
3249,75,0.03,0,4
3250,75,0.03,0,4
3251,75,0.03,0,4
3252,75,0.03,0,4
3253,75,0.03,0,4
3254,75,0.03,0,4
3255,75,0.03,0,4
3256,75,0.03,0,4
3257,75,0.03,0,4
3258,75,0.03,0,4
3259,75,0.03,0,4
3260,75,0.03,0,5
3261,75,0.03,0,5
3262,75,0.03,0,5
3263,75,0.03,0,5
3264,75,0.03,0,5
3265,75,0.03,0,5
3266,75,0.03,0,5
3267,75,0.03,0,5
3268,75,0.03,0,5
3269,75,0.03,0,5
3270,75,0.03,0,5
3271,75,0.03,0,5
3272,75,0.03,0,5
3273,75,0.03,0,5
3274,75,0.03,0,5
3275,75,0.03,0,5
3276,75,0.03,0,5
3277,75,0.03,0,5
3278,75,0.03,0,5
3279,75,0.03,0,5
3280,75,0.03,0.1,2
3281,75,0.03,0.1,2
3282,75,0.03,0.1,2
3283,75,0.03,0.1,2
3284,75,0.03,0.1,2
3285,75,0.03,0.1,2
3286,75,0.03,0.1,2
3287,75,0.03,0.1,2
3288,75,0.03,0.1,2
3289,75,0.03,0.1,2
3290,75,0.03,0.1,2
3291,75,0.03,0.1,2
3292,75,0.03,0.1,2
3293,75,0.03,0.1,2
3294,75,0.03,0.1,2
3295,75,0.03,0.1,2
3296,75,0.03,0.1,2
3297,75,0.03,0.1,2
3298,75,0.03,0.1,2
3299,75,0.03,0.1,2
3300,75,0.03,0.1,3
3301,75,0.03,0.1,3
3302,75,0.03,0.1,3
3303,75,0.03,0.1,3
3304,75,0.03,0.1,3
3305,75,0.03,0.1,3
3306,75,0.03,0.1,3
3307,75,0.03,0.1,3
3308,75,0.03,0.1,3
3309,75,0.03,0.1,3
3310,75,0.03,0.1,3
3311,75,0.03,0.1,3
3312,75,0.03,0.1,3
3313,75,0.03,0.1,3
3314,75,0.03,0.1,3
3315,75,0.03,0.1,3
3316,75,0.03,0.1,3
3317,75,0.03,0.1,3
3318,75,0.03,0.1,3
3319,75,0.03,0.1,3
3320,75,0.03,0.1,4
3321,75,0.03,0.1,4
3322,75,0.03,0.1,4
3323,75,0.03,0.1,4
3324,75,0.03,0.1,4
3325,75,0.03,0.1,4
3326,75,0.03,0.1,4
3327,75,0.03,0.1,4
3328,75,0.03,0.1,4
3329,75,0.03,0.1,4
3330,75,0.03,0.1,4
3331,75,0.03,0.1,4
3332,75,0.03,0.1,4
3333,75,0.03,0.1,4
3334,75,0.03,0.1,4
3335,75,0.03,0.1,4
3336,75,0.03,0.1,4
3337,75,0.03,0.1,4
3338,75,0.03,0.1,4
3339,75,0.03,0.1,4
3340,75,0.03,0.1,5
3341,75,0.03,0.1,5
3342,75,0.03,0.1,5
3343,75,0.03,0.1,5
3344,75,0.03,0.1,5
3345,75,0.03,0.1,5
3346,75,0.03,0.1,5
3347,75,0.03,0.1,5
3348,75,0.03,0.1,5
3349,75,0.03,0.1,5
3350,75,0.03,0.1,5
3351,75,0.03,0.1,5
3352,75,0.03,0.1,5
3353,75,0.03,0.1,5
3354,75,0.03,0.1,5
3355,75,0.03,0.1,5
3356,75,0.03,0.1,5
3357,75,0.03,0.1,5
3358,75,0.03,0.1,5
3359,75,0.03,0.1,5
3360,75,0.03,0.3,2
3361,75,0.03,0.3,2
3362,75,0.03,0.3,2
3363,75,0.03,0.3,2
3364,75,0.03,0.3,2
3365,75,0.03,0.3,2
3366,75,0.03,0.3,2
3367,75,0.03,0.3,2
3368,75,0.03,0.3,2
3369,75,0.03,0.3,2
3370,75,0.03,0.3,2
3371,75,0.03,0.3,2
3372,75,0.03,0.3,2
3373,75,0.03,0.3,2
3374,75,0.03,0.3,2
3375,75,0.03,0.3,2
3376,75,0.03,0.3,2
3377,75,0.03,0.3,2
3378,75,0.03,0.3,2
3379,75,0.03,0.3,2
3380,75,0.03,0.3,3
3381,75,0.03,0.3,3
3382,75,0.03,0.3,3
3383,75,0.03,0.3,3
3384,75,0.03,0.3,3
3385,75,0.03,0.3,3
3386,75,0.03,0.3,3
3387,75,0.03,0.3,3
3388,75,0.03,0.3,3
3389,75,0.03,0.3,3
3390,75,0.03,0.3,3
3391,75,0.03,0.3,3
3392,75,0.03,0.3,3
3393,75,0.03,0.3,3
3394,75,0.03,0.3,3
3395,75,0.03,0.3,3
3396,75,0.03,0.3,3
3397,75,0.03,0.3,3
3398,75,0.03,0.3,3
3399,75,0.03,0.3,3
3400,75,0.03,0.3,4
3401,75,0.03,0.3,4
3402,75,0.03,0.3,4
3403,75,0.03,0.3,4
3404,75,0.03,0.3,4
3405,75,0.03,0.3,4
3406,75,0.03,0.3,4
3407,75,0.03,0.3,4
3408,75,0.03,0.3,4
3409,75,0.03,0.3,4
3410,75,0.03,0.3,4
3411,75,0.03,0.3,4
3412,75,0.03,0.3,4
3413,75,0.03,0.3,4
3414,75,0.03,0.3,4
3415,75,0.03,0.3,4
3416,75,0.03,0.3,4
3417,75,0.03,0.3,4
3418,75,0.03,0.3,4
3419,75,0.03,0.3,4
3420,75,0.03,0.3,5
3421,75,0.03,0.3,5
3422,75,0.03,0.3,5
3423,75,0.03,0.3,5
3424,75,0.03,0.3,5
3425,75,0.03,0.3,5
3426,75,0.03,0.3,5
3427,75,0.03,0.3,5
3428,75,0.03,0.3,5
3429,75,0.03,0.3,5
3430,75,0.03,0.3,5
3431,75,0.03,0.3,5
3432,75,0.03,0.3,5
3433,75,0.03,0.3,5
3434,75,0.03,0.3,5
3435,75,0.03,0.3,5
3436,75,0.03,0.3,5
3437,75,0.03,0.3,5
3438,75,0.03,0.3,5
3439,75,0.03,0.3,5
3440,75,0.03,0.5,2
3441,75,0.03,0.5,2
3442,75,0.03,0.5,2
3443,75,0.03,0.5,2
3444,75,0.03,0.5,2
3445,75,0.03,0.5,2
3446,75,0.03,0.5,2
3447,75,0.03,0.5,2
3448,75,0.03,0.5,2
3449,75,0.03,0.5,2
3450,75,0.03,0.5,2
3451,75,0.03,0.5,2
3452,75,0.03,0.5,2
3453,75,0.03,0.5,2
3454,75,0.03,0.5,2
3455,75,0.03,0.5,2
3456,75,0.03,0.5,2
3457,75,0.03,0.5,2
3458,75,0.03,0.5,2
3459,75,0.03,0.5,2
3460,75,0.03,0.5,3
3461,75,0.03,0.5,3
3462,75,0.03,0.5,3
3463,75,0.03,0.5,3
3464,75,0.03,0.5,3
3465,75,0.03,0.5,3
3466,75,0.03,0.5,3
3467,75,0.03,0.5,3
3468,75,0.03,0.5,3
3469,75,0.03,0.5,3
3470,75,0.03,0.5,3
3471,75,0.03,0.5,3
3472,75,0.03,0.5,3
3473,75,0.03,0.5,3
3474,75,0.03,0.5,3
3475,75,0.03,0.5,3
3476,75,0.03,0.5,3
3477,75,0.03,0.5,3
3478,75,0.03,0.5,3
3479,75,0.03,0.5,3
3480,75,0.03,0.5,4
3481,75,0.03,0.5,4
3482,75,0.03,0.5,4
3483,75,0.03,0.5,4
3484,75,0.03,0.5,4
3485,75,0.03,0.5,4
3486,75,0.03,0.5,4
3487,75,0.03,0.5,4
3488,75,0.03,0.5,4
3489,75,0.03,0.5,4
3490,75,0.03,0.5,4
3491,75,0.03,0.5,4
3492,75,0.03,0.5,4
3493,75,0.03,0.5,4
3494,75,0.03,0.5,4
3495,75,0.03,0.5,4
3496,75,0.03,0.5,4
3497,75,0.03,0.5,4
3498,75,0.03,0.5,4
3499,75,0.03,0.5,4
3500,75,0.03,0.5,5
3501,75,0.03,0.5,5
3502,75,0.03,0.5,5
3503,75,0.03,0.5,5
3504,75,0.03,0.5,5
3505,75,0.03,0.5,5
3506,75,0.03,0.5,5
3507,75,0.03,0.5,5
3508,75,0.03,0.5,5
3509,75,0.03,0.5,5
3510,75,0.03,0.5,5
3511,75,0.03,0.5,5
3512,75,0.03,0.5,5
3513,75,0.03,0.5,5
3514,75,0.03,0.5,5
3515,75,0.03,0.5,5
3516,75,0.03,0.5,5
3517,75,0.03,0.5,5
3518,75,0.03,0.5,5
3519,75,0.03,0.5,5
3520,75,0.05,0,2
3521,75,0.05,0,2
3522,75,0.05,0,2
3523,75,0.05,0,2
3524,75,0.05,0,2
3525,75,0.05,0,2
3526,75,0.05,0,2
3527,75,0.05,0,2
3528,75,0.05,0,2
3529,75,0.05,0,2
3530,75,0.05,0,2
3531,75,0.05,0,2
3532,75,0.05,0,2
3533,75,0.05,0,2
3534,75,0.05,0,2
3535,75,0.05,0,2
3536,75,0.05,0,2
3537,75,0.05,0,2
3538,75,0.05,0,2
3539,75,0.05,0,2
3540,75,0.05,0,3
3541,75,0.05,0,3
3542,75,0.05,0,3
3543,75,0.05,0,3
3544,75,0.05,0,3
3545,75,0.05,0,3
3546,75,0.05,0,3
3547,75,0.05,0,3
3548,75,0.05,0,3
3549,75,0.05,0,3
3550,75,0.05,0,3
3551,75,0.05,0,3
3552,75,0.05,0,3
3553,75,0.05,0,3
3554,75,0.05,0,3
3555,75,0.05,0,3
3556,75,0.05,0,3
3557,75,0.05,0,3
3558,75,0.05,0,3
3559,75,0.05,0,3
3560,75,0.05,0,4
3561,75,0.05,0,4
3562,75,0.05,0,4
3563,75,0.05,0,4
3564,75,0.05,0,4
3565,75,0.05,0,4
3566,75,0.05,0,4
3567,75,0.05,0,4
3568,75,0.05,0,4
3569,75,0.05,0,4
3570,75,0.05,0,4
3571,75,0.05,0,4
3572,75,0.05,0,4
3573,75,0.05,0,4
3574,75,0.05,0,4
3575,75,0.05,0,4
3576,75,0.05,0,4
3577,75,0.05,0,4
3578,75,0.05,0,4
3579,75,0.05,0,4
3580,75,0.05,0,5
3581,75,0.05,0,5
3582,75,0.05,0,5
3583,75,0.05,0,5
3584,75,0.05,0,5
3585,75,0.05,0,5
3586,75,0.05,0,5
3587,75,0.05,0,5
3588,75,0.05,0,5
3589,75,0.05,0,5
3590,75,0.05,0,5
3591,75,0.05,0,5
3592,75,0.05,0,5
3593,75,0.05,0,5
3594,75,0.05,0,5
3595,75,0.05,0,5
3596,75,0.05,0,5
3597,75,0.05,0,5
3598,75,0.05,0,5
3599,75,0.05,0,5
3600,75,0.05,0.1,2
3601,75,0.05,0.1,2
3602,75,0.05,0.1,2
3603,75,0.05,0.1,2
3604,75,0.05,0.1,2
3605,75,0.05,0.1,2
3606,75,0.05,0.1,2
3607,75,0.05,0.1,2
3608,75,0.05,0.1,2
3609,75,0.05,0.1,2
3610,75,0.05,0.1,2
3611,75,0.05,0.1,2
3612,75,0.05,0.1,2
3613,75,0.05,0.1,2
3614,75,0.05,0.1,2
3615,75,0.05,0.1,2
3616,75,0.05,0.1,2
3617,75,0.05,0.1,2
3618,75,0.05,0.1,2
3619,75,0.05,0.1,2
3620,75,0.05,0.1,3
3621,75,0.05,0.1,3
3622,75,0.05,0.1,3
3623,75,0.05,0.1,3
3624,75,0.05,0.1,3
3625,75,0.05,0.1,3
3626,75,0.05,0.1,3
3627,75,0.05,0.1,3
3628,75,0.05,0.1,3
3629,75,0.05,0.1,3
3630,75,0.05,0.1,3
3631,75,0.05,0.1,3
3632,75,0.05,0.1,3
3633,75,0.05,0.1,3
3634,75,0.05,0.1,3
3635,75,0.05,0.1,3
3636,75,0.05,0.1,3
3637,75,0.05,0.1,3
3638,75,0.05,0.1,3
3639,75,0.05,0.1,3
3640,75,0.05,0.1,4
3641,75,0.05,0.1,4
3642,75,0.05,0.1,4
3643,75,0.05,0.1,4
3644,75,0.05,0.1,4
3645,75,0.05,0.1,4
3646,75,0.05,0.1,4
3647,75,0.05,0.1,4
3648,75,0.05,0.1,4
3649,75,0.05,0.1,4
3650,75,0.05,0.1,4
3651,75,0.05,0.1,4
3652,75,0.05,0.1,4
3653,75,0.05,0.1,4
3654,75,0.05,0.1,4
3655,75,0.05,0.1,4
3656,75,0.05,0.1,4
3657,75,0.05,0.1,4
3658,75,0.05,0.1,4
3659,75,0.05,0.1,4
3660,75,0.05,0.1,5
3661,75,0.05,0.1,5
3662,75,0.05,0.1,5
3663,75,0.05,0.1,5
3664,75,0.05,0.1,5
3665,75,0.05,0.1,5
3666,75,0.05,0.1,5
3667,75,0.05,0.1,5
3668,75,0.05,0.1,5
3669,75,0.05,0.1,5
3670,75,0.05,0.1,5
3671,75,0.05,0.1,5
3672,75,0.05,0.1,5
3673,75,0.05,0.1,5
3674,75,0.05,0.1,5
3675,75,0.05,0.1,5
3676,75,0.05,0.1,5
3677,75,0.05,0.1,5
3678,75,0.05,0.1,5
3679,75,0.05,0.1,5
3680,75,0.05,0.3,2
3681,75,0.05,0.3,2
3682,75,0.05,0.3,2
3683,75,0.05,0.3,2
3684,75,0.05,0.3,2
3685,75,0.05,0.3,2
3686,75,0.05,0.3,2
3687,75,0.05,0.3,2
3688,75,0.05,0.3,2
3689,75,0.05,0.3,2
3690,75,0.05,0.3,2
3691,75,0.05,0.3,2
3692,75,0.05,0.3,2
3693,75,0.05,0.3,2
3694,75,0.05,0.3,2
3695,75,0.05,0.3,2
3696,75,0.05,0.3,2
3697,75,0.05,0.3,2
3698,75,0.05,0.3,2
3699,75,0.05,0.3,2
3700,75,0.05,0.3,3
3701,75,0.05,0.3,3
3702,75,0.05,0.3,3
3703,75,0.05,0.3,3
3704,75,0.05,0.3,3
3705,75,0.05,0.3,3
3706,75,0.05,0.3,3
3707,75,0.05,0.3,3
3708,75,0.05,0.3,3
3709,75,0.05,0.3,3
3710,75,0.05,0.3,3
3711,75,0.05,0.3,3
3712,75,0.05,0.3,3
3713,75,0.05,0.3,3
3714,75,0.05,0.3,3
3715,75,0.05,0.3,3
3716,75,0.05,0.3,3
3717,75,0.05,0.3,3
3718,75,0.05,0.3,3
3719,75,0.05,0.3,3
3720,75,0.05,0.3,4
3721,75,0.05,0.3,4
3722,75,0.05,0.3,4
3723,75,0.05,0.3,4
3724,75,0.05,0.3,4
3725,75,0.05,0.3,4
3726,75,0.05,0.3,4
3727,75,0.05,0.3,4
3728,75,0.05,0.3,4
3729,75,0.05,0.3,4
3730,75,0.05,0.3,4
3731,75,0.05,0.3,4
3732,75,0.05,0.3,4
3733,75,0.05,0.3,4
3734,75,0.05,0.3,4
3735,75,0.05,0.3,4
3736,75,0.05,0.3,4
3737,75,0.05,0.3,4
3738,75,0.05,0.3,4
3739,75,0.05,0.3,4
3740,75,0.05,0.3,5
3741,75,0.05,0.3,5
3742,75,0.05,0.3,5
3743,75,0.05,0.3,5
3744,75,0.05,0.3,5
3745,75,0.05,0.3,5
3746,75,0.05,0.3,5
3747,75,0.05,0.3,5
3748,75,0.05,0.3,5
3749,75,0.05,0.3,5
3750,75,0.05,0.3,5
3751,75,0.05,0.3,5
3752,75,0.05,0.3,5
3753,75,0.05,0.3,5
3754,75,0.05,0.3,5
3755,75,0.05,0.3,5
3756,75,0.05,0.3,5
3757,75,0.05,0.3,5
3758,75,0.05,0.3,5
3759,75,0.05,0.3,5
3760,75,0.05,0.5,2
3761,75,0.05,0.5,2
3762,75,0.05,0.5,2
3763,75,0.05,0.5,2
3764,75,0.05,0.5,2
3765,75,0.05,0.5,2
3766,75,0.05,0.5,2
3767,75,0.05,0.5,2
3768,75,0.05,0.5,2
3769,75,0.05,0.5,2
3770,75,0.05,0.5,2
3771,75,0.05,0.5,2
3772,75,0.05,0.5,2
3773,75,0.05,0.5,2
3774,75,0.05,0.5,2
3775,75,0.05,0.5,2
3776,75,0.05,0.5,2
3777,75,0.05,0.5,2
3778,75,0.05,0.5,2
3779,75,0.05,0.5,2
3780,75,0.05,0.5,3
3781,75,0.05,0.5,3
3782,75,0.05,0.5,3
3783,75,0.05,0.5,3
3784,75,0.05,0.5,3
3785,75,0.05,0.5,3
3786,75,0.05,0.5,3
3787,75,0.05,0.5,3
3788,75,0.05,0.5,3
3789,75,0.05,0.5,3
3790,75,0.05,0.5,3
3791,75,0.05,0.5,3
3792,75,0.05,0.5,3
3793,75,0.05,0.5,3
3794,75,0.05,0.5,3
3795,75,0.05,0.5,3
3796,75,0.05,0.5,3
3797,75,0.05,0.5,3
3798,75,0.05,0.5,3
3799,75,0.05,0.5,3
3800,75,0.05,0.5,4
3801,75,0.05,0.5,4
3802,75,0.05,0.5,4
3803,75,0.05,0.5,4
3804,75,0.05,0.5,4
3805,75,0.05,0.5,4
3806,75,0.05,0.5,4
3807,75,0.05,0.5,4
3808,75,0.05,0.5,4
3809,75,0.05,0.5,4
3810,75,0.05,0.5,4
3811,75,0.05,0.5,4
3812,75,0.05,0.5,4
3813,75,0.05,0.5,4
3814,75,0.05,0.5,4
3815,75,0.05,0.5,4
3816,75,0.05,0.5,4
3817,75,0.05,0.5,4
3818,75,0.05,0.5,4
3819,75,0.05,0.5,4
3820,75,0.05,0.5,5
3821,75,0.05,0.5,5
3822,75,0.05,0.5,5
3823,75,0.05,0.5,5
3824,75,0.05,0.5,5
3825,75,0.05,0.5,5
3826,75,0.05,0.5,5
3827,75,0.05,0.5,5
3828,75,0.05,0.5,5
3829,75,0.05,0.5,5
3830,75,0.05,0.5,5
3831,75,0.05,0.5,5
3832,75,0.05,0.5,5
3833,75,0.05,0.5,5
3834,75,0.05,0.5,5
3835,75,0.05,0.5,5
3836,75,0.05,0.5,5
3837,75,0.05,0.5,5
3838,75,0.05,0.5,5
3839,75,0.05,0.5,5
3840,100,0,0,2
3841,100,0,0,2
3842,100,0,0,2
3843,100,0,0,2
3844,100,0,0,2
3845,100,0,0,2
3846,100,0,0,2
3847,100,0,0,2
3848,100,0,0,2
3849,100,0,0,2
3850,100,0,0,2
3851,100,0,0,2
3852,100,0,0,2
3853,100,0,0,2
3854,100,0,0,2
3855,100,0,0,2
3856,100,0,0,2
3857,100,0,0,2
3858,100,0,0,2
3859,100,0,0,2
3860,100,0,0,3
3861,100,0,0,3
3862,100,0,0,3
3863,100,0,0,3
3864,100,0,0,3
3865,100,0,0,3
3866,100,0,0,3
3867,100,0,0,3
3868,100,0,0,3
3869,100,0,0,3
3870,100,0,0,3
3871,100,0,0,3
3872,100,0,0,3
3873,100,0,0,3
3874,100,0,0,3
3875,100,0,0,3
3876,100,0,0,3
3877,100,0,0,3
3878,100,0,0,3
3879,100,0,0,3
3880,100,0,0,4
3881,100,0,0,4
3882,100,0,0,4
3883,100,0,0,4
3884,100,0,0,4
3885,100,0,0,4
3886,100,0,0,4
3887,100,0,0,4
3888,100,0,0,4
3889,100,0,0,4
3890,100,0,0,4
3891,100,0,0,4
3892,100,0,0,4
3893,100,0,0,4
3894,100,0,0,4
3895,100,0,0,4
3896,100,0,0,4
3897,100,0,0,4
3898,100,0,0,4
3899,100,0,0,4
3900,100,0,0,5
3901,100,0,0,5
3902,100,0,0,5
3903,100,0,0,5
3904,100,0,0,5
3905,100,0,0,5
3906,100,0,0,5
3907,100,0,0,5
3908,100,0,0,5
3909,100,0,0,5
3910,100,0,0,5
3911,100,0,0,5
3912,100,0,0,5
3913,100,0,0,5
3914,100,0,0,5
3915,100,0,0,5
3916,100,0,0,5
3917,100,0,0,5
3918,100,0,0,5
3919,100,0,0,5
3920,100,0,0.1,2
3921,100,0,0.1,2
3922,100,0,0.1,2
3923,100,0,0.1,2
3924,100,0,0.1,2
3925,100,0,0.1,2
3926,100,0,0.1,2
3927,100,0,0.1,2
3928,100,0,0.1,2
3929,100,0,0.1,2
3930,100,0,0.1,2
3931,100,0,0.1,2
3932,100,0,0.1,2
3933,100,0,0.1,2
3934,100,0,0.1,2
3935,100,0,0.1,2
3936,100,0,0.1,2
3937,100,0,0.1,2
3938,100,0,0.1,2
3939,100,0,0.1,2
3940,100,0,0.1,3
3941,100,0,0.1,3
3942,100,0,0.1,3
3943,100,0,0.1,3
3944,100,0,0.1,3
3945,100,0,0.1,3
3946,100,0,0.1,3
3947,100,0,0.1,3
3948,100,0,0.1,3
3949,100,0,0.1,3
3950,100,0,0.1,3
3951,100,0,0.1,3
3952,100,0,0.1,3
3953,100,0,0.1,3
3954,100,0,0.1,3
3955,100,0,0.1,3
3956,100,0,0.1,3
3957,100,0,0.1,3
3958,100,0,0.1,3
3959,100,0,0.1,3
3960,100,0,0.1,4
3961,100,0,0.1,4
3962,100,0,0.1,4
3963,100,0,0.1,4
3964,100,0,0.1,4
3965,100,0,0.1,4
3966,100,0,0.1,4
3967,100,0,0.1,4
3968,100,0,0.1,4
3969,100,0,0.1,4
3970,100,0,0.1,4
3971,100,0,0.1,4
3972,100,0,0.1,4
3973,100,0,0.1,4
3974,100,0,0.1,4
3975,100,0,0.1,4
3976,100,0,0.1,4
3977,100,0,0.1,4
3978,100,0,0.1,4
3979,100,0,0.1,4
3980,100,0,0.1,5
3981,100,0,0.1,5
3982,100,0,0.1,5
3983,100,0,0.1,5
3984,100,0,0.1,5
3985,100,0,0.1,5
3986,100,0,0.1,5
3987,100,0,0.1,5
3988,100,0,0.1,5
3989,100,0,0.1,5
3990,100,0,0.1,5
3991,100,0,0.1,5
3992,100,0,0.1,5
3993,100,0,0.1,5
3994,100,0,0.1,5
3995,100,0,0.1,5
3996,100,0,0.1,5
3997,100,0,0.1,5
3998,100,0,0.1,5
3999,100,0,0.1,5
4000,100,0,0.3,2
4001,100,0,0.3,2
4002,100,0,0.3,2
4003,100,0,0.3,2
4004,100,0,0.3,2
4005,100,0,0.3,2
4006,100,0,0.3,2
4007,100,0,0.3,2
4008,100,0,0.3,2
4009,100,0,0.3,2
4010,100,0,0.3,2
4011,100,0,0.3,2
4012,100,0,0.3,2
4013,100,0,0.3,2
4014,100,0,0.3,2
4015,100,0,0.3,2
4016,100,0,0.3,2
4017,100,0,0.3,2
4018,100,0,0.3,2
4019,100,0,0.3,2
4020,100,0,0.3,3
4021,100,0,0.3,3
4022,100,0,0.3,3
4023,100,0,0.3,3
4024,100,0,0.3,3
4025,100,0,0.3,3
4026,100,0,0.3,3
4027,100,0,0.3,3
4028,100,0,0.3,3
4029,100,0,0.3,3
4030,100,0,0.3,3
4031,100,0,0.3,3
4032,100,0,0.3,3
4033,100,0,0.3,3
4034,100,0,0.3,3
4035,100,0,0.3,3
4036,100,0,0.3,3
4037,100,0,0.3,3
4038,100,0,0.3,3
4039,100,0,0.3,3
4040,100,0,0.3,4
4041,100,0,0.3,4
4042,100,0,0.3,4
4043,100,0,0.3,4
4044,100,0,0.3,4
4045,100,0,0.3,4
4046,100,0,0.3,4
4047,100,0,0.3,4
4048,100,0,0.3,4
4049,100,0,0.3,4
4050,100,0,0.3,4
4051,100,0,0.3,4
4052,100,0,0.3,4
4053,100,0,0.3,4
4054,100,0,0.3,4
4055,100,0,0.3,4
4056,100,0,0.3,4
4057,100,0,0.3,4
4058,100,0,0.3,4
4059,100,0,0.3,4
4060,100,0,0.3,5
4061,100,0,0.3,5
4062,100,0,0.3,5
4063,100,0,0.3,5
4064,100,0,0.3,5
4065,100,0,0.3,5
4066,100,0,0.3,5
4067,100,0,0.3,5
4068,100,0,0.3,5
4069,100,0,0.3,5
4070,100,0,0.3,5
4071,100,0,0.3,5
4072,100,0,0.3,5
4073,100,0,0.3,5
4074,100,0,0.3,5
4075,100,0,0.3,5
4076,100,0,0.3,5
4077,100,0,0.3,5
4078,100,0,0.3,5
4079,100,0,0.3,5
4080,100,0,0.5,2
4081,100,0,0.5,2
4082,100,0,0.5,2
4083,100,0,0.5,2
4084,100,0,0.5,2
4085,100,0,0.5,2
4086,100,0,0.5,2
4087,100,0,0.5,2
4088,100,0,0.5,2
4089,100,0,0.5,2
4090,100,0,0.5,2
4091,100,0,0.5,2
4092,100,0,0.5,2
4093,100,0,0.5,2
4094,100,0,0.5,2
4095,100,0,0.5,2
4096,100,0,0.5,2
4097,100,0,0.5,2
4098,100,0,0.5,2
4099,100,0,0.5,2
4100,100,0,0.5,3
4101,100,0,0.5,3
4102,100,0,0.5,3
4103,100,0,0.5,3
4104,100,0,0.5,3
4105,100,0,0.5,3
4106,100,0,0.5,3
4107,100,0,0.5,3
4108,100,0,0.5,3
4109,100,0,0.5,3
4110,100,0,0.5,3
4111,100,0,0.5,3
4112,100,0,0.5,3
4113,100,0,0.5,3
4114,100,0,0.5,3
4115,100,0,0.5,3
4116,100,0,0.5,3
4117,100,0,0.5,3
4118,100,0,0.5,3
4119,100,0,0.5,3
4120,100,0,0.5,4
4121,100,0,0.5,4
4122,100,0,0.5,4
4123,100,0,0.5,4
4124,100,0,0.5,4
4125,100,0,0.5,4
4126,100,0,0.5,4
4127,100,0,0.5,4
4128,100,0,0.5,4
4129,100,0,0.5,4
4130,100,0,0.5,4
4131,100,0,0.5,4
4132,100,0,0.5,4
4133,100,0,0.5,4
4134,100,0,0.5,4
4135,100,0,0.5,4
4136,100,0,0.5,4
4137,100,0,0.5,4
4138,100,0,0.5,4
4139,100,0,0.5,4
4140,100,0,0.5,5
4141,100,0,0.5,5
4142,100,0,0.5,5
4143,100,0,0.5,5
4144,100,0,0.5,5
4145,100,0,0.5,5
4146,100,0,0.5,5
4147,100,0,0.5,5
4148,100,0,0.5,5
4149,100,0,0.5,5
4150,100,0,0.5,5
4151,100,0,0.5,5
4152,100,0,0.5,5
4153,100,0,0.5,5
4154,100,0,0.5,5
4155,100,0,0.5,5
4156,100,0,0.5,5
4157,100,0,0.5,5
4158,100,0,0.5,5
4159,100,0,0.5,5
4160,100,0.01,0,2
4161,100,0.01,0,2
4162,100,0.01,0,2
4163,100,0.01,0,2
4164,100,0.01,0,2
4165,100,0.01,0,2
4166,100,0.01,0,2
4167,100,0.01,0,2
4168,100,0.01,0,2
4169,100,0.01,0,2
4170,100,0.01,0,2
4171,100,0.01,0,2
4172,100,0.01,0,2
4173,100,0.01,0,2
4174,100,0.01,0,2
4175,100,0.01,0,2
4176,100,0.01,0,2
4177,100,0.01,0,2
4178,100,0.01,0,2
4179,100,0.01,0,2
4180,100,0.01,0,3
4181,100,0.01,0,3
4182,100,0.01,0,3
4183,100,0.01,0,3
4184,100,0.01,0,3
4185,100,0.01,0,3
4186,100,0.01,0,3
4187,100,0.01,0,3
4188,100,0.01,0,3
4189,100,0.01,0,3
4190,100,0.01,0,3
4191,100,0.01,0,3
4192,100,0.01,0,3
4193,100,0.01,0,3
4194,100,0.01,0,3
4195,100,0.01,0,3
4196,100,0.01,0,3
4197,100,0.01,0,3
4198,100,0.01,0,3
4199,100,0.01,0,3
4200,100,0.01,0,4
4201,100,0.01,0,4
4202,100,0.01,0,4
4203,100,0.01,0,4
4204,100,0.01,0,4
4205,100,0.01,0,4
4206,100,0.01,0,4
4207,100,0.01,0,4
4208,100,0.01,0,4
4209,100,0.01,0,4
4210,100,0.01,0,4
4211,100,0.01,0,4
4212,100,0.01,0,4
4213,100,0.01,0,4
4214,100,0.01,0,4
4215,100,0.01,0,4
4216,100,0.01,0,4
4217,100,0.01,0,4
4218,100,0.01,0,4
4219,100,0.01,0,4
4220,100,0.01,0,5
4221,100,0.01,0,5
4222,100,0.01,0,5
4223,100,0.01,0,5
4224,100,0.01,0,5
4225,100,0.01,0,5
4226,100,0.01,0,5
4227,100,0.01,0,5
4228,100,0.01,0,5
4229,100,0.01,0,5
4230,100,0.01,0,5
4231,100,0.01,0,5
4232,100,0.01,0,5
4233,100,0.01,0,5
4234,100,0.01,0,5
4235,100,0.01,0,5
4236,100,0.01,0,5
4237,100,0.01,0,5
4238,100,0.01,0,5
4239,100,0.01,0,5
4240,100,0.01,0.1,2
4241,100,0.01,0.1,2
4242,100,0.01,0.1,2
4243,100,0.01,0.1,2
4244,100,0.01,0.1,2
4245,100,0.01,0.1,2
4246,100,0.01,0.1,2
4247,100,0.01,0.1,2
4248,100,0.01,0.1,2
4249,100,0.01,0.1,2
4250,100,0.01,0.1,2
4251,100,0.01,0.1,2
4252,100,0.01,0.1,2
4253,100,0.01,0.1,2
4254,100,0.01,0.1,2
4255,100,0.01,0.1,2
4256,100,0.01,0.1,2
4257,100,0.01,0.1,2
4258,100,0.01,0.1,2
4259,100,0.01,0.1,2
4260,100,0.01,0.1,3
4261,100,0.01,0.1,3
4262,100,0.01,0.1,3
4263,100,0.01,0.1,3
4264,100,0.01,0.1,3
4265,100,0.01,0.1,3
4266,100,0.01,0.1,3
4267,100,0.01,0.1,3
4268,100,0.01,0.1,3
4269,100,0.01,0.1,3
4270,100,0.01,0.1,3
4271,100,0.01,0.1,3
4272,100,0.01,0.1,3
4273,100,0.01,0.1,3
4274,100,0.01,0.1,3
4275,100,0.01,0.1,3
4276,100,0.01,0.1,3
4277,100,0.01,0.1,3
4278,100,0.01,0.1,3
4279,100,0.01,0.1,3
4280,100,0.01,0.1,4
4281,100,0.01,0.1,4
4282,100,0.01,0.1,4
4283,100,0.01,0.1,4
4284,100,0.01,0.1,4
4285,100,0.01,0.1,4
4286,100,0.01,0.1,4
4287,100,0.01,0.1,4
4288,100,0.01,0.1,4
4289,100,0.01,0.1,4
4290,100,0.01,0.1,4
4291,100,0.01,0.1,4
4292,100,0.01,0.1,4
4293,100,0.01,0.1,4
4294,100,0.01,0.1,4
4295,100,0.01,0.1,4
4296,100,0.01,0.1,4
4297,100,0.01,0.1,4
4298,100,0.01,0.1,4
4299,100,0.01,0.1,4
4300,100,0.01,0.1,5
4301,100,0.01,0.1,5
4302,100,0.01,0.1,5
4303,100,0.01,0.1,5
4304,100,0.01,0.1,5
4305,100,0.01,0.1,5
4306,100,0.01,0.1,5
4307,100,0.01,0.1,5
4308,100,0.01,0.1,5
4309,100,0.01,0.1,5
4310,100,0.01,0.1,5
4311,100,0.01,0.1,5
4312,100,0.01,0.1,5
4313,100,0.01,0.1,5
4314,100,0.01,0.1,5
4315,100,0.01,0.1,5
4316,100,0.01,0.1,5
4317,100,0.01,0.1,5
4318,100,0.01,0.1,5
4319,100,0.01,0.1,5
4320,100,0.01,0.3,2
4321,100,0.01,0.3,2
4322,100,0.01,0.3,2
4323,100,0.01,0.3,2
4324,100,0.01,0.3,2
4325,100,0.01,0.3,2
4326,100,0.01,0.3,2
4327,100,0.01,0.3,2
4328,100,0.01,0.3,2
4329,100,0.01,0.3,2
4330,100,0.01,0.3,2
4331,100,0.01,0.3,2
4332,100,0.01,0.3,2
4333,100,0.01,0.3,2
4334,100,0.01,0.3,2
4335,100,0.01,0.3,2
4336,100,0.01,0.3,2
4337,100,0.01,0.3,2
4338,100,0.01,0.3,2
4339,100,0.01,0.3,2
4340,100,0.01,0.3,3
4341,100,0.01,0.3,3
4342,100,0.01,0.3,3
4343,100,0.01,0.3,3
4344,100,0.01,0.3,3
4345,100,0.01,0.3,3
4346,100,0.01,0.3,3
4347,100,0.01,0.3,3
4348,100,0.01,0.3,3
4349,100,0.01,0.3,3
4350,100,0.01,0.3,3
4351,100,0.01,0.3,3
4352,100,0.01,0.3,3
4353,100,0.01,0.3,3
4354,100,0.01,0.3,3
4355,100,0.01,0.3,3
4356,100,0.01,0.3,3
4357,100,0.01,0.3,3
4358,100,0.01,0.3,3
4359,100,0.01,0.3,3
4360,100,0.01,0.3,4
4361,100,0.01,0.3,4
4362,100,0.01,0.3,4
4363,100,0.01,0.3,4
4364,100,0.01,0.3,4
4365,100,0.01,0.3,4
4366,100,0.01,0.3,4
4367,100,0.01,0.3,4
4368,100,0.01,0.3,4
4369,100,0.01,0.3,4
4370,100,0.01,0.3,4
4371,100,0.01,0.3,4
4372,100,0.01,0.3,4
4373,100,0.01,0.3,4
4374,100,0.01,0.3,4
4375,100,0.01,0.3,4
4376,100,0.01,0.3,4
4377,100,0.01,0.3,4
4378,100,0.01,0.3,4
4379,100,0.01,0.3,4
4380,100,0.01,0.3,5
4381,100,0.01,0.3,5
4382,100,0.01,0.3,5
4383,100,0.01,0.3,5
4384,100,0.01,0.3,5
4385,100,0.01,0.3,5
4386,100,0.01,0.3,5
4387,100,0.01,0.3,5
4388,100,0.01,0.3,5
4389,100,0.01,0.3,5
4390,100,0.01,0.3,5
4391,100,0.01,0.3,5
4392,100,0.01,0.3,5
4393,100,0.01,0.3,5
4394,100,0.01,0.3,5
4395,100,0.01,0.3,5
4396,100,0.01,0.3,5
4397,100,0.01,0.3,5
4398,100,0.01,0.3,5
4399,100,0.01,0.3,5
4400,100,0.01,0.5,2
4401,100,0.01,0.5,2
4402,100,0.01,0.5,2
4403,100,0.01,0.5,2
4404,100,0.01,0.5,2
4405,100,0.01,0.5,2
4406,100,0.01,0.5,2
4407,100,0.01,0.5,2
4408,100,0.01,0.5,2
4409,100,0.01,0.5,2
4410,100,0.01,0.5,2
4411,100,0.01,0.5,2
4412,100,0.01,0.5,2
4413,100,0.01,0.5,2
4414,100,0.01,0.5,2
4415,100,0.01,0.5,2
4416,100,0.01,0.5,2
4417,100,0.01,0.5,2
4418,100,0.01,0.5,2
4419,100,0.01,0.5,2
4420,100,0.01,0.5,3
4421,100,0.01,0.5,3
4422,100,0.01,0.5,3
4423,100,0.01,0.5,3
4424,100,0.01,0.5,3
4425,100,0.01,0.5,3
4426,100,0.01,0.5,3
4427,100,0.01,0.5,3
4428,100,0.01,0.5,3
4429,100,0.01,0.5,3
4430,100,0.01,0.5,3
4431,100,0.01,0.5,3
4432,100,0.01,0.5,3
4433,100,0.01,0.5,3
4434,100,0.01,0.5,3
4435,100,0.01,0.5,3
4436,100,0.01,0.5,3
4437,100,0.01,0.5,3
4438,100,0.01,0.5,3
4439,100,0.01,0.5,3
4440,100,0.01,0.5,4
4441,100,0.01,0.5,4
4442,100,0.01,0.5,4
4443,100,0.01,0.5,4
4444,100,0.01,0.5,4
4445,100,0.01,0.5,4
4446,100,0.01,0.5,4
4447,100,0.01,0.5,4
4448,100,0.01,0.5,4
4449,100,0.01,0.5,4
4450,100,0.01,0.5,4
4451,100,0.01,0.5,4
4452,100,0.01,0.5,4
4453,100,0.01,0.5,4
4454,100,0.01,0.5,4
4455,100,0.01,0.5,4
4456,100,0.01,0.5,4
4457,100,0.01,0.5,4
4458,100,0.01,0.5,4
4459,100,0.01,0.5,4
4460,100,0.01,0.5,5
4461,100,0.01,0.5,5
4462,100,0.01,0.5,5
4463,100,0.01,0.5,5
4464,100,0.01,0.5,5
4465,100,0.01,0.5,5
4466,100,0.01,0.5,5
4467,100,0.01,0.5,5
4468,100,0.01,0.5,5
4469,100,0.01,0.5,5
4470,100,0.01,0.5,5
4471,100,0.01,0.5,5
4472,100,0.01,0.5,5
4473,100,0.01,0.5,5
4474,100,0.01,0.5,5
4475,100,0.01,0.5,5
4476,100,0.01,0.5,5
4477,100,0.01,0.5,5
4478,100,0.01,0.5,5
4479,100,0.01,0.5,5
4480,100,0.03,0,2
4481,100,0.03,0,2
4482,100,0.03,0,2
4483,100,0.03,0,2
4484,100,0.03,0,2
4485,100,0.03,0,2
4486,100,0.03,0,2
4487,100,0.03,0,2
4488,100,0.03,0,2
4489,100,0.03,0,2
4490,100,0.03,0,2
4491,100,0.03,0,2
4492,100,0.03,0,2
4493,100,0.03,0,2
4494,100,0.03,0,2
4495,100,0.03,0,2
4496,100,0.03,0,2
4497,100,0.03,0,2
4498,100,0.03,0,2
4499,100,0.03,0,2
4500,100,0.03,0,3
4501,100,0.03,0,3
4502,100,0.03,0,3
4503,100,0.03,0,3
4504,100,0.03,0,3
4505,100,0.03,0,3
4506,100,0.03,0,3
4507,100,0.03,0,3
4508,100,0.03,0,3
4509,100,0.03,0,3
4510,100,0.03,0,3
4511,100,0.03,0,3
4512,100,0.03,0,3
4513,100,0.03,0,3
4514,100,0.03,0,3
4515,100,0.03,0,3
4516,100,0.03,0,3
4517,100,0.03,0,3
4518,100,0.03,0,3
4519,100,0.03,0,3
4520,100,0.03,0,4
4521,100,0.03,0,4
4522,100,0.03,0,4
4523,100,0.03,0,4
4524,100,0.03,0,4
4525,100,0.03,0,4
4526,100,0.03,0,4
4527,100,0.03,0,4
4528,100,0.03,0,4
4529,100,0.03,0,4
4530,100,0.03,0,4
4531,100,0.03,0,4
4532,100,0.03,0,4
4533,100,0.03,0,4
4534,100,0.03,0,4
4535,100,0.03,0,4
4536,100,0.03,0,4
4537,100,0.03,0,4
4538,100,0.03,0,4
4539,100,0.03,0,4
4540,100,0.03,0,5
4541,100,0.03,0,5
4542,100,0.03,0,5
4543,100,0.03,0,5
4544,100,0.03,0,5
4545,100,0.03,0,5
4546,100,0.03,0,5
4547,100,0.03,0,5
4548,100,0.03,0,5
4549,100,0.03,0,5
4550,100,0.03,0,5
4551,100,0.03,0,5
4552,100,0.03,0,5
4553,100,0.03,0,5
4554,100,0.03,0,5
4555,100,0.03,0,5
4556,100,0.03,0,5
4557,100,0.03,0,5
4558,100,0.03,0,5
4559,100,0.03,0,5
4560,100,0.03,0.1,2
4561,100,0.03,0.1,2
4562,100,0.03,0.1,2
4563,100,0.03,0.1,2
4564,100,0.03,0.1,2
4565,100,0.03,0.1,2
4566,100,0.03,0.1,2
4567,100,0.03,0.1,2
4568,100,0.03,0.1,2
4569,100,0.03,0.1,2
4570,100,0.03,0.1,2
4571,100,0.03,0.1,2
4572,100,0.03,0.1,2
4573,100,0.03,0.1,2
4574,100,0.03,0.1,2
4575,100,0.03,0.1,2
4576,100,0.03,0.1,2
4577,100,0.03,0.1,2
4578,100,0.03,0.1,2
4579,100,0.03,0.1,2
4580,100,0.03,0.1,3
4581,100,0.03,0.1,3
4582,100,0.03,0.1,3
4583,100,0.03,0.1,3
4584,100,0.03,0.1,3
4585,100,0.03,0.1,3
4586,100,0.03,0.1,3
4587,100,0.03,0.1,3
4588,100,0.03,0.1,3
4589,100,0.03,0.1,3
4590,100,0.03,0.1,3
4591,100,0.03,0.1,3
4592,100,0.03,0.1,3
4593,100,0.03,0.1,3
4594,100,0.03,0.1,3
4595,100,0.03,0.1,3
4596,100,0.03,0.1,3
4597,100,0.03,0.1,3
4598,100,0.03,0.1,3
4599,100,0.03,0.1,3
4600,100,0.03,0.1,4
4601,100,0.03,0.1,4
4602,100,0.03,0.1,4
4603,100,0.03,0.1,4
4604,100,0.03,0.1,4
4605,100,0.03,0.1,4
4606,100,0.03,0.1,4
4607,100,0.03,0.1,4
4608,100,0.03,0.1,4
4609,100,0.03,0.1,4
4610,100,0.03,0.1,4
4611,100,0.03,0.1,4
4612,100,0.03,0.1,4
4613,100,0.03,0.1,4
4614,100,0.03,0.1,4
4615,100,0.03,0.1,4
4616,100,0.03,0.1,4
4617,100,0.03,0.1,4
4618,100,0.03,0.1,4
4619,100,0.03,0.1,4
4620,100,0.03,0.1,5
4621,100,0.03,0.1,5
4622,100,0.03,0.1,5
4623,100,0.03,0.1,5
4624,100,0.03,0.1,5
4625,100,0.03,0.1,5
4626,100,0.03,0.1,5
4627,100,0.03,0.1,5
4628,100,0.03,0.1,5
4629,100,0.03,0.1,5
4630,100,0.03,0.1,5
4631,100,0.03,0.1,5
4632,100,0.03,0.1,5
4633,100,0.03,0.1,5
4634,100,0.03,0.1,5
4635,100,0.03,0.1,5
4636,100,0.03,0.1,5
4637,100,0.03,0.1,5
4638,100,0.03,0.1,5
4639,100,0.03,0.1,5
4640,100,0.03,0.3,2
4641,100,0.03,0.3,2
4642,100,0.03,0.3,2
4643,100,0.03,0.3,2
4644,100,0.03,0.3,2
4645,100,0.03,0.3,2
4646,100,0.03,0.3,2
4647,100,0.03,0.3,2
4648,100,0.03,0.3,2
4649,100,0.03,0.3,2
4650,100,0.03,0.3,2
4651,100,0.03,0.3,2
4652,100,0.03,0.3,2
4653,100,0.03,0.3,2
4654,100,0.03,0.3,2
4655,100,0.03,0.3,2
4656,100,0.03,0.3,2
4657,100,0.03,0.3,2
4658,100,0.03,0.3,2
4659,100,0.03,0.3,2
4660,100,0.03,0.3,3
4661,100,0.03,0.3,3
4662,100,0.03,0.3,3
4663,100,0.03,0.3,3
4664,100,0.03,0.3,3
4665,100,0.03,0.3,3
4666,100,0.03,0.3,3
4667,100,0.03,0.3,3
4668,100,0.03,0.3,3
4669,100,0.03,0.3,3
4670,100,0.03,0.3,3
4671,100,0.03,0.3,3
4672,100,0.03,0.3,3
4673,100,0.03,0.3,3
4674,100,0.03,0.3,3
4675,100,0.03,0.3,3
4676,100,0.03,0.3,3
4677,100,0.03,0.3,3
4678,100,0.03,0.3,3
4679,100,0.03,0.3,3
4680,100,0.03,0.3,4
4681,100,0.03,0.3,4
4682,100,0.03,0.3,4
4683,100,0.03,0.3,4
4684,100,0.03,0.3,4
4685,100,0.03,0.3,4
4686,100,0.03,0.3,4
4687,100,0.03,0.3,4
4688,100,0.03,0.3,4
4689,100,0.03,0.3,4
4690,100,0.03,0.3,4
4691,100,0.03,0.3,4
4692,100,0.03,0.3,4
4693,100,0.03,0.3,4
4694,100,0.03,0.3,4
4695,100,0.03,0.3,4
4696,100,0.03,0.3,4
4697,100,0.03,0.3,4
4698,100,0.03,0.3,4
4699,100,0.03,0.3,4
4700,100,0.03,0.3,5
4701,100,0.03,0.3,5
4702,100,0.03,0.3,5
4703,100,0.03,0.3,5
4704,100,0.03,0.3,5
4705,100,0.03,0.3,5
4706,100,0.03,0.3,5
4707,100,0.03,0.3,5
4708,100,0.03,0.3,5
4709,100,0.03,0.3,5
4710,100,0.03,0.3,5
4711,100,0.03,0.3,5
4712,100,0.03,0.3,5
4713,100,0.03,0.3,5
4714,100,0.03,0.3,5
4715,100,0.03,0.3,5
4716,100,0.03,0.3,5
4717,100,0.03,0.3,5
4718,100,0.03,0.3,5
4719,100,0.03,0.3,5
4720,100,0.03,0.5,2
4721,100,0.03,0.5,2
4722,100,0.03,0.5,2
4723,100,0.03,0.5,2
4724,100,0.03,0.5,2
4725,100,0.03,0.5,2
4726,100,0.03,0.5,2
4727,100,0.03,0.5,2
4728,100,0.03,0.5,2
4729,100,0.03,0.5,2
4730,100,0.03,0.5,2
4731,100,0.03,0.5,2
4732,100,0.03,0.5,2
4733,100,0.03,0.5,2
4734,100,0.03,0.5,2
4735,100,0.03,0.5,2
4736,100,0.03,0.5,2
4737,100,0.03,0.5,2
4738,100,0.03,0.5,2
4739,100,0.03,0.5,2
4740,100,0.03,0.5,3
4741,100,0.03,0.5,3
4742,100,0.03,0.5,3
4743,100,0.03,0.5,3
4744,100,0.03,0.5,3
4745,100,0.03,0.5,3
4746,100,0.03,0.5,3
4747,100,0.03,0.5,3
4748,100,0.03,0.5,3
4749,100,0.03,0.5,3
4750,100,0.03,0.5,3
4751,100,0.03,0.5,3
4752,100,0.03,0.5,3
4753,100,0.03,0.5,3
4754,100,0.03,0.5,3
4755,100,0.03,0.5,3
4756,100,0.03,0.5,3
4757,100,0.03,0.5,3
4758,100,0.03,0.5,3
4759,100,0.03,0.5,3
4760,100,0.03,0.5,4
4761,100,0.03,0.5,4
4762,100,0.03,0.5,4
4763,100,0.03,0.5,4
4764,100,0.03,0.5,4
4765,100,0.03,0.5,4
4766,100,0.03,0.5,4
4767,100,0.03,0.5,4
4768,100,0.03,0.5,4
4769,100,0.03,0.5,4
4770,100,0.03,0.5,4
4771,100,0.03,0.5,4
4772,100,0.03,0.5,4
4773,100,0.03,0.5,4
4774,100,0.03,0.5,4
4775,100,0.03,0.5,4
4776,100,0.03,0.5,4
4777,100,0.03,0.5,4
4778,100,0.03,0.5,4
4779,100,0.03,0.5,4
4780,100,0.03,0.5,5
4781,100,0.03,0.5,5
4782,100,0.03,0.5,5
4783,100,0.03,0.5,5
4784,100,0.03,0.5,5
4785,100,0.03,0.5,5
4786,100,0.03,0.5,5
4787,100,0.03,0.5,5
4788,100,0.03,0.5,5
4789,100,0.03,0.5,5
4790,100,0.03,0.5,5
4791,100,0.03,0.5,5
4792,100,0.03,0.5,5
4793,100,0.03,0.5,5
4794,100,0.03,0.5,5
4795,100,0.03,0.5,5
4796,100,0.03,0.5,5
4797,100,0.03,0.5,5
4798,100,0.03,0.5,5
4799,100,0.03,0.5,5
4800,100,0.05,0,2
4801,100,0.05,0,2
4802,100,0.05,0,2
4803,100,0.05,0,2
4804,100,0.05,0,2
4805,100,0.05,0,2
4806,100,0.05,0,2
4807,100,0.05,0,2
4808,100,0.05,0,2
4809,100,0.05,0,2
4810,100,0.05,0,2
4811,100,0.05,0,2
4812,100,0.05,0,2
4813,100,0.05,0,2
4814,100,0.05,0,2
4815,100,0.05,0,2
4816,100,0.05,0,2
4817,100,0.05,0,2
4818,100,0.05,0,2
4819,100,0.05,0,2
4820,100,0.05,0,3
4821,100,0.05,0,3
4822,100,0.05,0,3
4823,100,0.05,0,3
4824,100,0.05,0,3
4825,100,0.05,0,3
4826,100,0.05,0,3
4827,100,0.05,0,3
4828,100,0.05,0,3
4829,100,0.05,0,3
4830,100,0.05,0,3
4831,100,0.05,0,3
4832,100,0.05,0,3
4833,100,0.05,0,3
4834,100,0.05,0,3
4835,100,0.05,0,3
4836,100,0.05,0,3
4837,100,0.05,0,3
4838,100,0.05,0,3
4839,100,0.05,0,3
4840,100,0.05,0,4
4841,100,0.05,0,4
4842,100,0.05,0,4
4843,100,0.05,0,4
4844,100,0.05,0,4
4845,100,0.05,0,4
4846,100,0.05,0,4
4847,100,0.05,0,4
4848,100,0.05,0,4
4849,100,0.05,0,4
4850,100,0.05,0,4
4851,100,0.05,0,4
4852,100,0.05,0,4
4853,100,0.05,0,4
4854,100,0.05,0,4
4855,100,0.05,0,4
4856,100,0.05,0,4
4857,100,0.05,0,4
4858,100,0.05,0,4
4859,100,0.05,0,4
4860,100,0.05,0,5
4861,100,0.05,0,5
4862,100,0.05,0,5
4863,100,0.05,0,5
4864,100,0.05,0,5
4865,100,0.05,0,5
4866,100,0.05,0,5
4867,100,0.05,0,5
4868,100,0.05,0,5
4869,100,0.05,0,5
4870,100,0.05,0,5
4871,100,0.05,0,5
4872,100,0.05,0,5
4873,100,0.05,0,5
4874,100,0.05,0,5
4875,100,0.05,0,5
4876,100,0.05,0,5
4877,100,0.05,0,5
4878,100,0.05,0,5
4879,100,0.05,0,5
4880,100,0.05,0.1,2
4881,100,0.05,0.1,2
4882,100,0.05,0.1,2
4883,100,0.05,0.1,2
4884,100,0.05,0.1,2
4885,100,0.05,0.1,2
4886,100,0.05,0.1,2
4887,100,0.05,0.1,2
4888,100,0.05,0.1,2
4889,100,0.05,0.1,2
4890,100,0.05,0.1,2
4891,100,0.05,0.1,2
4892,100,0.05,0.1,2
4893,100,0.05,0.1,2
4894,100,0.05,0.1,2
4895,100,0.05,0.1,2
4896,100,0.05,0.1,2
4897,100,0.05,0.1,2
4898,100,0.05,0.1,2
4899,100,0.05,0.1,2
4900,100,0.05,0.1,3
4901,100,0.05,0.1,3
4902,100,0.05,0.1,3
4903,100,0.05,0.1,3
4904,100,0.05,0.1,3
4905,100,0.05,0.1,3
4906,100,0.05,0.1,3
4907,100,0.05,0.1,3
4908,100,0.05,0.1,3
4909,100,0.05,0.1,3
4910,100,0.05,0.1,3
4911,100,0.05,0.1,3
4912,100,0.05,0.1,3
4913,100,0.05,0.1,3
4914,100,0.05,0.1,3
4915,100,0.05,0.1,3
4916,100,0.05,0.1,3
4917,100,0.05,0.1,3
4918,100,0.05,0.1,3
4919,100,0.05,0.1,3
4920,100,0.05,0.1,4
4921,100,0.05,0.1,4
4922,100,0.05,0.1,4
4923,100,0.05,0.1,4
4924,100,0.05,0.1,4
4925,100,0.05,0.1,4
4926,100,0.05,0.1,4
4927,100,0.05,0.1,4
4928,100,0.05,0.1,4
4929,100,0.05,0.1,4
4930,100,0.05,0.1,4
4931,100,0.05,0.1,4
4932,100,0.05,0.1,4
4933,100,0.05,0.1,4
4934,100,0.05,0.1,4
4935,100,0.05,0.1,4
4936,100,0.05,0.1,4
4937,100,0.05,0.1,4
4938,100,0.05,0.1,4
4939,100,0.05,0.1,4
4940,100,0.05,0.1,5
4941,100,0.05,0.1,5
4942,100,0.05,0.1,5
4943,100,0.05,0.1,5
4944,100,0.05,0.1,5
4945,100,0.05,0.1,5
4946,100,0.05,0.1,5
4947,100,0.05,0.1,5
4948,100,0.05,0.1,5
4949,100,0.05,0.1,5
4950,100,0.05,0.1,5
4951,100,0.05,0.1,5
4952,100,0.05,0.1,5
4953,100,0.05,0.1,5
4954,100,0.05,0.1,5
4955,100,0.05,0.1,5
4956,100,0.05,0.1,5
4957,100,0.05,0.1,5
4958,100,0.05,0.1,5
4959,100,0.05,0.1,5
4960,100,0.05,0.3,2
4961,100,0.05,0.3,2
4962,100,0.05,0.3,2
4963,100,0.05,0.3,2
4964,100,0.05,0.3,2
4965,100,0.05,0.3,2
4966,100,0.05,0.3,2
4967,100,0.05,0.3,2
4968,100,0.05,0.3,2
4969,100,0.05,0.3,2
4970,100,0.05,0.3,2
4971,100,0.05,0.3,2
4972,100,0.05,0.3,2
4973,100,0.05,0.3,2
4974,100,0.05,0.3,2
4975,100,0.05,0.3,2
4976,100,0.05,0.3,2
4977,100,0.05,0.3,2
4978,100,0.05,0.3,2
4979,100,0.05,0.3,2
4980,100,0.05,0.3,3
4981,100,0.05,0.3,3
4982,100,0.05,0.3,3
4983,100,0.05,0.3,3
4984,100,0.05,0.3,3
4985,100,0.05,0.3,3
4986,100,0.05,0.3,3
4987,100,0.05,0.3,3
4988,100,0.05,0.3,3
4989,100,0.05,0.3,3
4990,100,0.05,0.3,3
4991,100,0.05,0.3,3
4992,100,0.05,0.3,3
4993,100,0.05,0.3,3
4994,100,0.05,0.3,3
4995,100,0.05,0.3,3
4996,100,0.05,0.3,3
4997,100,0.05,0.3,3
4998,100,0.05,0.3,3
4999,100,0.05,0.3,3
5000,100,0.05,0.3,4
5001,100,0.05,0.3,4
5002,100,0.05,0.3,4
5003,100,0.05,0.3,4
5004,100,0.05,0.3,4
5005,100,0.05,0.3,4
5006,100,0.05,0.3,4
5007,100,0.05,0.3,4
5008,100,0.05,0.3,4
5009,100,0.05,0.3,4
5010,100,0.05,0.3,4
5011,100,0.05,0.3,4
5012,100,0.05,0.3,4
5013,100,0.05,0.3,4
5014,100,0.05,0.3,4
5015,100,0.05,0.3,4
5016,100,0.05,0.3,4
5017,100,0.05,0.3,4
5018,100,0.05,0.3,4
5019,100,0.05,0.3,4
5020,100,0.05,0.3,5
5021,100,0.05,0.3,5
5022,100,0.05,0.3,5
5023,100,0.05,0.3,5
5024,100,0.05,0.3,5
5025,100,0.05,0.3,5
5026,100,0.05,0.3,5
5027,100,0.05,0.3,5
5028,100,0.05,0.3,5
5029,100,0.05,0.3,5
5030,100,0.05,0.3,5
5031,100,0.05,0.3,5
5032,100,0.05,0.3,5
5033,100,0.05,0.3,5
5034,100,0.05,0.3,5
5035,100,0.05,0.3,5
5036,100,0.05,0.3,5
5037,100,0.05,0.3,5
5038,100,0.05,0.3,5
5039,100,0.05,0.3,5
5040,100,0.05,0.5,2
5041,100,0.05,0.5,2
5042,100,0.05,0.5,2
5043,100,0.05,0.5,2
5044,100,0.05,0.5,2
5045,100,0.05,0.5,2
5046,100,0.05,0.5,2
5047,100,0.05,0.5,2
5048,100,0.05,0.5,2
5049,100,0.05,0.5,2
5050,100,0.05,0.5,2
5051,100,0.05,0.5,2
5052,100,0.05,0.5,2
5053,100,0.05,0.5,2
5054,100,0.05,0.5,2
5055,100,0.05,0.5,2
5056,100,0.05,0.5,2
5057,100,0.05,0.5,2
5058,100,0.05,0.5,2
5059,100,0.05,0.5,2
5060,100,0.05,0.5,3
5061,100,0.05,0.5,3
5062,100,0.05,0.5,3
5063,100,0.05,0.5,3
5064,100,0.05,0.5,3
5065,100,0.05,0.5,3
5066,100,0.05,0.5,3
5067,100,0.05,0.5,3
5068,100,0.05,0.5,3
5069,100,0.05,0.5,3
5070,100,0.05,0.5,3
5071,100,0.05,0.5,3
5072,100,0.05,0.5,3
5073,100,0.05,0.5,3
5074,100,0.05,0.5,3
5075,100,0.05,0.5,3
5076,100,0.05,0.5,3
5077,100,0.05,0.5,3
5078,100,0.05,0.5,3
5079,100,0.05,0.5,3
5080,100,0.05,0.5,4
5081,100,0.05,0.5,4
5082,100,0.05,0.5,4
5083,100,0.05,0.5,4
5084,100,0.05,0.5,4
5085,100,0.05,0.5,4
5086,100,0.05,0.5,4
5087,100,0.05,0.5,4
5088,100,0.05,0.5,4
5089,100,0.05,0.5,4
5090,100,0.05,0.5,4
5091,100,0.05,0.5,4
5092,100,0.05,0.5,4
5093,100,0.05,0.5,4
5094,100,0.05,0.5,4
5095,100,0.05,0.5,4
5096,100,0.05,0.5,4
5097,100,0.05,0.5,4
5098,100,0.05,0.5,4
5099,100,0.05,0.5,4
5100,100,0.05,0.5,5
5101,100,0.05,0.5,5
5102,100,0.05,0.5,5
5103,100,0.05,0.5,5
5104,100,0.05,0.5,5
5105,100,0.05,0.5,5
5106,100,0.05,0.5,5
5107,100,0.05,0.5,5
5108,100,0.05,0.5,5
5109,100,0.05,0.5,5
5110,100,0.05,0.5,5
5111,100,0.05,0.5,5
5112,100,0.05,0.5,5
5113,100,0.05,0.5,5
5114,100,0.05,0.5,5
5115,100,0.05,0.5,5
5116,100,0.05,0.5,5
5117,100,0.05,0.5,5
5118,100,0.05,0.5,5
5119,100,0.05,0.5,5
